,contract,identifiers,name,twitter,forum,discord,blog,documentation,opensea,gallery,github
0,0x00c9894ec45e1e0c547da44c007b1fa7ead36228,['https://www.eudaimoniatech.com/'],EudaimoniaTech,[],[],[],[],[],[],[],[]
1,0x00d9619e4fe35f1a69a4b0579a0247575aeef1ef,"['https://livethelife.tv/', 'https://discord.gg/gvo', 'https://twitter.com/@GVO_HQ', 'https://discord.gg/gvo', 'https://twitter.com/@GVO_HQ']",GVO Mint Pass,"['https://twitter.com/@GVO_HQ', 'https://twitter.com/@GVO_HQ']",[],"['https://discord.gg/gvo', 'https://discord.gg/gvo']",[],[],[],[],[]
2,0x016e79e9101a8eaa3e7f46d6d1c267819c09c939,[],Machi X DAO,[],[],[],[],[],[],[],[]
3,0x0353b86f1e8dd2d28b6eed6fd9b5cbbdc2df42c5,"['https://discord.gg/https://discord.com/channels/918218090112766032/918218090112766035', 'https://twitter.com/home', 'https://medium.com/me/stories/public', 'https://discord.gg/https://discord.com/channels/918218090112766032/918218090112766035', 'https://twitter.com/home']",Equilibrium DAO LLC,"['https://twitter.com/home', 'https://twitter.com/home']",[],"['https://discord.gg/https://discord.com/channels/918218090112766032/918218090112766035', 'https://discord.gg/https://discord.com/channels/918218090112766032/918218090112766035']",['https://medium.com/me/stories/public'],[],[],[],[]
4,0x049a4dc8406a65ff3e6690dfb264fc70d9ab6caa,"['https://meta-builders.app/', 'https://discord.gg/metabuilders', 'https://twitter.com/meta_builders', 'https://www.instagram.com/metabuildersgroup/', 'https://discord.gg/metabuilders', 'https://twitter.com/meta_builders']",Meta-Builders,"['https://twitter.com/meta_builders', 'https://twitter.com/meta_builders']",[],"['https://discord.gg/metabuilders', 'https://discord.gg/metabuilders']",[],[],[],[],[]
5,0x055414109ee6ffa78d16ef2af5173d1530d24bed,[],The Jedi Yield Farm,[],[],[],[],[],[],[],[]
6,0x0557b380dd0f96d04829cfe7f8440d2b61bdb345,"['https://discord.gg/Y84xzbMZjb', 'https://twitter.com/onlymemesDAO', 'https://onlymemes.com/', 'https://discord.gg/Y84xzbMZjb', 'https://twitter.com/onlymemesDAO']",OnlyMemes DAO,"['https://twitter.com/onlymemesDAO', 'https://twitter.com/onlymemesDAO']",[],"['https://discord.gg/Y84xzbMZjb', 'https://discord.gg/Y84xzbMZjb']",[],[],[],[],[]
7,0x059f0264524433ea399c3d10df9d2c317f39cc01,"['https://twitter.com/@MonsterSea7', 'https://twitter.com/@MonsterSea7']",MonsterSea,"['https://twitter.com/@MonsterSea7', 'https://twitter.com/@MonsterSea7']",[],[],[],[],[],[],[]
8,0x06b7291bf87e310df26f7b20652756e8c5665cd1,[],Propyverse,[],[],[],[],[],[],[],[]
9,0x073ac467787c6a4ec93163dbe043b4a03bd60caf,[],Blockchain Italia DAO,[],[],[],[],[],[],[],[]
10,0x09d0745f49db80dcd483f4fc90234527ce6751d1,[],DOAP DAO,[],[],[],[],[],[],[],[]
11,0x0b07bad3bba914a70367c51319c7554527eb5ef9,[],PKTG,[],[],[],[],[],[],[],[]
12,0x0bbaac57e09d230730cd9dff896ab528c7a0c9aa,[],LexSummoner,[],[],[],[],[],[],[],[]
13,0x0f2ac0d62bc5e2a194fb5a531a245b8ee03911e0,[],Real Landowner,[],[],[],[],[],[],[],[]
14,0x108e0ac5241dd65f1213396681a799ed049dd5dc,[],ShitcoinDAO,[],[],[],[],[],[],[],[]
15,0x148daa26808201add646d16c5c0a4d0e60d8847c,[],Opensourcecircus,[],[],[],[],[],[],[],[]
16,0x14ae60c9523b15e05c04a7e8e78a2a7ba3e2ad70,[],Fabrikapp DAO,[],[],[],[],[],[],[],[]
17,0x14b8de59612e6a553cc2f900c2dcc52627794689,[],Genesis test,[],[],[],[],[],[],[],[]
18,0x14f14ab507a700f794752298efde62d545549b24,[],ETH Mainnet Test,[],[],[],[],[],[],[],[]
19,0x153260aa83e348e144a0fd824905e934ffbceffe,"['https://twitter.com/kangnizhang', 'https://twitter.com/kangnizhang']",CamilleDAO,"['https://twitter.com/kangnizhang', 'https://twitter.com/kangnizhang']",[],[],[],[],[],[],[]
20,0x161e99f7467f20602c7ff9ff85f22be1ecc41b86,[],Creative Collabo DAO,[],[],[],[],[],[],[],[]
21,0x17a09f59574e87db1a0e94af5147129f68ccf3de,[],Minos- test,[],[],[],[],[],[],[],[]
22,0x1b76c178355508f247863915e9a838635e653861,[],YogaDAO,[],[],[],[],[],[],[],[]
23,0x1e09c5914cbc69bb17872626816abf4fdda24133,[],2degrees,[],[],[],[],[],[],[],[]
24,0x1efe05df1f5e82a4994093b1982c97e3dd404e65,[],DAOhaus CCO,[],[],[],[],[],[],[],[]
25,0x1fab0f9902a6a47c685d4aaa231a54e08184f89c,[],UMOONDAO,[],[],[],[],[],[],[],[]
26,0x1fd169a4f5c59acf79d0fd5d91d1201ef1bce9f1,[],Moloch DAO,[],[],[],[],[],[],[],[]
27,0x23fe7836da91f46051fb0fed622277fe93ddde39,"['https://genesisl1.com/', 'https://t.me/dkumaKumaStarlyTSLAandOther']",Genesis L1 DAO @ Ethereum,[],[],[],[],[],[],[],[]
28,0x24128582cbc75e4b7021c6fe9044848aee543f2d,[],Test DAO,[],[],[],[],[],[],[],[]
29,0x24f13448d8e068f8388aecd4652e184135ac831c,[],MinterDAO,[],[],[],[],[],[],[],[]
30,0x2c0279d18317186c42fcf041bd427367b266fb4e,[],NextDAO,[],[],[],[],[],[],[],[]
31,0x2c18fe5be8cd3321f696cca4663972123aea10ed,"['https://discord.gg/HBN6aaR5bg', 'https://twitter.com/@DreamUp_Dev', 'https://discord.gg/HBN6aaR5bg', 'https://twitter.com/@DreamUp_Dev']",DreamUp,"['https://twitter.com/@DreamUp_Dev', 'https://twitter.com/@DreamUp_Dev']",[],"['https://discord.gg/HBN6aaR5bg', 'https://discord.gg/HBN6aaR5bg']",[],[],[],[],[]
32,0x2eaa38e8ad799041081b98772191133b9d43f41d,"['https://www.decentralizedacademy.net/', 'https://discord.gg/https://discord.com/invite/Y5YBPf9x', 'https://discord.gg/https://discord.com/invite/Y5YBPf9x']",Decentralized Academy,[],[],"['https://discord.gg/https://discord.com/invite/Y5YBPf9x', 'https://discord.gg/https://discord.com/invite/Y5YBPf9x']",[],[],[],[],[]
33,0x3226afdbe3911ba1ab32c97a3fc75606ed2f2226,[],Phoenix DAO,[],[],[],[],[],[],[],[]
34,0x358f82b15e58f9729695af01f8f9dde0d1bf366b,[],Genesis L1 TRANSITION,[],[],[],[],[],[],[],[]
35,0x368d745bc600a232e69714eba28ea0652951aff4,['https://mirror.xyz/kitsunesama.eth/8GZuUlUclw-OEbwgkyFIJbUDuXBOfU_YShCvlTCyE5A'],Zaibatsu-DAO,[],[],[],['https://mirror.xyz/kitsunesama.eth/8GZuUlUclw-OEbwgkyFIJbUDuXBOfU_YShCvlTCyE5A'],[],[],[],[]
36,0x38de9a5e1c691c2ae4c8cbd13ac29e2a3ca270ec,[],SpaceCrew Test,[],[],[],[],[],[],[],[]
37,0x3beb9da3bb0020153ae57a21a8a88166ca5f6f8d,[],Cheesy Poofs Enterprises,[],[],[],[],[],[],[],[]
38,0x3f2eda983d6926a84df3dba7122142907a5a7c84,[],–∫–Ω—è–∂–µ—Å—Ç–≤–æ –®–∞—Ä–∞–±–∞–Ω–∏—è,[],[],[],[],[],[],[],[]
39,0x3f659631a9bc3db57f84540bcaa7e583e82d4f8b,[],Planetarium,[],[],[],[],[],[],[],[]
40,0x402184feffa561be348943cd171bd511e5c610a2,[],TraiDAO Haus,[],[],[],[],[],[],[],[]
41,0x405a0e96be7919c7c0dba375d4fb8a9c3a032c6e,[],Wet Spider Society,[],[],[],[],[],[],[],[]
42,0x4454403f3847626d194c25dbe9ad0013c9d19085,[],Idiot$DAO,[],[],[],[],[],[],[],[]
43,0x446780dd6b1e115a29b71e97b8b408380613ac87,[],d,[],[],[],[],[],[],[],[]
44,0x4986d517bb1770d8b42f9d20ba6e9f70b987967f,[],MSIA,[],[],[],[],[],[],[],[]
45,0x49ecf88449c25a21410a5c15fd1e53a6f2225a0f,"['https://www.asset3.org/', 'https://discord.gg/5MandXJp', 'https://medium.com/https://asset3.medium.com', 'https://discord.gg/5MandXJp']",Asset3,[],[],"['https://discord.gg/5MandXJp', 'https://discord.gg/5MandXJp']",['https://medium.com/https://asset3.medium.com'],[],[],[],[]
46,0x4b7b2986696c7b7c1eaa7318c8472c58a0119af7,"['https://ufodisclosuredao.com/', 'https://twitter.com/@theundeadgaucho', 'https://www.youtube.com/c/TheUndeadGaucho', 'https://twitter.com/@theundeadgaucho']",UFO Disclosure DAO,"['https://twitter.com/@theundeadgaucho', 'https://twitter.com/@theundeadgaucho']",[],[],[],[],[],[],[]
47,0x508b23e21d5da0610ee7ceeb313ae80bc06db1bb,['https://t.me/+WCPNJCT73U1mNGM1'],Australian Scaffolders,[],[],[],[],[],[],[],[]
48,0x519f9662798c2e07fbd5b30c1445602320c5cf5b,"['https://www.molochdao.com/', 'https://discord.gg/DnjF4dp6', 'https://twitter.com/@molochdao', 'https://medium.com/https://molochdao.medium.com/', 'https://discord.gg/DnjF4dp6', 'https://twitter.com/@molochdao']",Moloch Rises,"['https://twitter.com/@molochdao', 'https://twitter.com/@molochdao']",[],"['https://discord.gg/DnjF4dp6', 'https://discord.gg/DnjF4dp6']",['https://medium.com/https://molochdao.medium.com/'],[],[],[],[]
49,0x53a1f6afd72eb9015b8867822005112e3dc260ff,"['https://discord.gg/9kVCc3ty', 'https://twitter.com/BasecampDao', 'https://discord.gg/9kVCc3ty', 'https://twitter.com/BasecampDao']",Basecamp,"['https://twitter.com/BasecampDao', 'https://twitter.com/BasecampDao']",[],"['https://discord.gg/9kVCc3ty', 'https://discord.gg/9kVCc3ty']",[],[],[],[],[]
50,0x54a6b19d9611d60e0fca88506cbc93f1e8993535,"['https://discord.gg/6aa88dTf', 'https://discord.gg/6aa88dTf']",Alpha DAO,[],[],"['https://discord.gg/6aa88dTf', 'https://discord.gg/6aa88dTf']",[],[],[],[],[]
51,0x54af0987ddead435a6fcb2206a2ba97f38309ab0,[],test,[],[],[],[],[],[],[],[]
52,0x556016f807526c2a5f28168b2aedd10fdcbd75f9,"['https://www.pork1984.io/', 'https://discord.gg/qysjmypMgb', 'https://twitter.com/https://mobile.twitter.com/pork1984', 'https://discord.gg/qysjmypMgb', 'https://twitter.com/https://mobile.twitter.com/pork1984']",Pork1984,"['https://twitter.com/https://mobile.twitter.com/pork1984', 'https://twitter.com/https://mobile.twitter.com/pork1984']",[],"['https://discord.gg/qysjmypMgb', 'https://discord.gg/qysjmypMgb']",[],[],[],[],[]
53,0x55695a67f3987aeed7d2a87670dbb4367a709021,[],YEET BID 1,[],[],[],[],[],[],[],[]
54,0x5a2220cbd948872528b7d0eff13ebda8fd358064,[],GameFiDAO,[],[],[],[],[],[],[],[]
55,0x5a79f04709f1e15722255d9d985edfca4f16d3b3,[],H5,[],[],[],[],[],[],[],[]
56,0x5c130a36cb69c1371e3a00f1305d4c68e67facc3,[],DAO by B3BOP¬Æ,[],[],[],[],[],[],[],[]
57,0x5c27b98340526d6c5fb8f9211634b0b50ddc5aee,[],bcventures.eth,[],[],[],[],[],[],[],[]
58,0x5c85cfd06ddcf8fea736494e4125cd12110c3ebe,"['https://twitter.com/xooglerco', 'https://twitter.com/xooglerco']",XooglerClubAlpha,"['https://twitter.com/xooglerco', 'https://twitter.com/xooglerco']",[],[],[],[],[],[],[]
59,0x5d08ea162920e7d457bf526fcebe6d1c555a8577,[],octopwsDAO,[],[],[],[],[],[],[],[]
60,0x5d0b8556b208fe2b9ded2db9bab1aab9c35e00b8,[],Null moved to xDai,[],[],[],[],[],[],[],[]
61,0x5e344035cc0282cb3c9f883d811c1f3eb311ebd1,[],SWEAT DAO,[],[],[],[],[],[],[],[]
62,0x5e56946c7b77935fec39e55ca3885e0a2f858037,"['https://www.herefoundation.org/', 'https://twitter.com/@here_dao', 'https://radical.day/', 'https://twitter.com/@here_dao']",Here,"['https://twitter.com/@here_dao', 'https://twitter.com/@here_dao']",[],[],[],[],[],[],[]
63,0x6171b6237d5b8ad9214153ca22ab23528d66e3ab,[],Dead DAO 2,[],[],[],[],[],[],[],[]
64,0x639810e556058bdcad170d7433c01231f779ac69,"['https://mirror.xyz/lostspacedao.eth', 'https://discord.gg/LostSpaceDAO', 'https://twitter.com/LostSpaceDAO', 'https://discord.gg/LostSpaceDAO', 'https://twitter.com/LostSpaceDAO']",LostSpaceDAO,"['https://twitter.com/LostSpaceDAO', 'https://twitter.com/LostSpaceDAO']",[],"['https://discord.gg/LostSpaceDAO', 'https://discord.gg/LostSpaceDAO']",['https://mirror.xyz/lostspacedao.eth'],[],[],[],[]
65,0x63e8579d08a0a02dcf1ae5940e3960a27d7374f1,[],MontelunaDAOv1.0.0,[],[],[],[],[],[],[],[]
66,0x6522ccef8848393159168e766250c6627a2a9443,[],lili,[],[],[],[],[],[],[],[]
67,0x6680c3fd10d6449bb0a7617d7bbdc122dd417788,[],Castle DAO,[],[],[],[],[],[],[],[]
68,0x6c8b9d71bb6c29e0ac7a33ddaefcf0a0f3e88f8f,"['https://boilerrat.github.io/NFTCommunityDAO/', 'https://discord.gg/https://discord.com/channels/868728297792602193/868728297792602196', 'https://t.me/nftcommunitydao', 'https://twitter.com/@NFTCommunityDAO', 'https://discord.gg/https://discord.com/channels/868728297792602193/868728297792602196', 'https://twitter.com/@NFTCommunityDAO']",NFT Community DAO,"['https://twitter.com/@NFTCommunityDAO', 'https://twitter.com/@NFTCommunityDAO']",[],"['https://discord.gg/https://discord.com/channels/868728297792602193/868728297792602196', 'https://discord.gg/https://discord.com/channels/868728297792602193/868728297792602196']",[],[],[],[],['https://boilerrat.github.io/NFTCommunityDAO/']
69,0x6e691548af08a2b54062656174bdcac1cb99cba4,[],3S DAO,[],[],[],[],[],[],[],[]
70,0x6ee5e8a45b326615410258600a6bcb9c797c4ca7,[],TCON,[],[],[],[],[],[],[],[]
71,0x6efafae2a523ac08fdd3787788dd460acb55e67b,"['https://www.the-collective-dao.com/', 'https://twitter.com/@collective_dao', 'https://twitter.com/@collective_dao']",The Collective DAO,"['https://twitter.com/@collective_dao', 'https://twitter.com/@collective_dao']",[],[],[],[],[],[],[]
72,0x72f7afd4ce96171c30f1a5260cbf7faba32bc3fa,[],zha DAO,[],[],[],[],[],[],[],[]
73,0x75a4310da724a3f43415f427e7b3033d7101b91d,[],LPDAO SZN 3,[],[],[],[],[],[],[],[]
74,0x774bba6aacf19412bbabdfd4a6f19451a4a3d1c0,[],ProfitWallet DAO,[],[],[],[],[],[],[],[]
75,0x77a747e8ad955a94c56c31a1fdd63de613bf6ff3,[],test,[],[],[],[],[],[],[],[]
76,0x785b7f3664b187ea767ff8bd7d9dbc4559253feb,['https://t.me/+ML1Cg_os_k03Y2Jh'],Dreamers DAO,[],[],[],[],[],[],[],[]
77,0x7db1f449e67cc4ab38887a364711feea1b2a8101,[],NewNormal,[],[],[],[],[],[],[],[]
78,0x7f534e7a7ce76343c7c8a37360588f628aa78d6a,"['https://starbase.ethergy.xyz/', 'https://discord.gg/GWbm4Aw6t3', 'https://twitter.com/@EthergyX', 'https://medium.com/@ethergy', 'https://ethergy.xyz/', 'https://discord.gg/GWbm4Aw6t3', 'https://twitter.com/@EthergyX']",Ethergy DAO,"['https://twitter.com/@EthergyX', 'https://twitter.com/@EthergyX']",[],"['https://discord.gg/GWbm4Aw6t3', 'https://discord.gg/GWbm4Aw6t3']",['https://medium.com/@ethergy'],[],[],[],[]
79,0x81b3b7de20633403f3367df3ec8ab9abfa000c52,[],persuade,[],[],[],[],[],[],[],[]
80,0x826bd0b5669366559e1352c837fa6e1294d70987,[],DAO Venture,[],[],[],[],[],[],[],[]
81,0x829c2b9cc07589f2accbfc84130f0534b3abbefe,"['https://ultradao.org/', 'https://discord.gg/HBp9ru3J', 'https://twitter.com/@Ultra_DAO', 'https://discord.gg/HBp9ru3J', 'https://twitter.com/@Ultra_DAO']",UltraDAO,"['https://twitter.com/@Ultra_DAO', 'https://twitter.com/@Ultra_DAO']",[],"['https://discord.gg/HBp9ru3J', 'https://discord.gg/HBp9ru3J']",[],[],[],[],[]
82,0x869ea07729702cd727378979370292b7162fde06,"['https://twitter.com/@decentralizedR4', 'https://medium.com/@DecentralizedRealEstate', 'https://twitter.com/@decentralizedR4']",DeRe - Decentralized Real Estate,"['https://twitter.com/@decentralizedR4', 'https://twitter.com/@decentralizedR4']",[],[],['https://medium.com/@DecentralizedRealEstate'],[],[],[],[]
83,0x881b5dd02fe3ef2170045734277a92a1ab3d219e,[],CryptobarDAO,[],[],[],[],[],[],[],[]
84,0x8a41a88f16ed18080a36967fb0d7385ed22502cf,[],SUNAMI,[],[],[],[],[],[],[],[]
85,0x8b0bfe0680f6f423b75052bc52e04c29405561bd,"['https://discord.gg/https://discord.com/channels/826842612996243487/826842613818720278', 'https://t.me/@marksmanlx', 'https://twitter.com/@ReetoxCrypto', 'https://discord.gg/https://discord.com/channels/826842612996243487/826842613818720278', 'https://twitter.com/@ReetoxCrypto']",ÊµãËØïDAO2,"['https://twitter.com/@ReetoxCrypto', 'https://twitter.com/@ReetoxCrypto']",[],"['https://discord.gg/https://discord.com/channels/826842612996243487/826842613818720278', 'https://discord.gg/https://discord.com/channels/826842612996243487/826842613818720278']",[],[],[],[],[]
86,0x8b9280f30f386c4b8fc363d5984845d946a936c3,"['https://my.metagame.wtf/', 'https://t.me/+DOHvGn77Qps2OWRk', 'https://twitter.com/@metafam', 'https://twitter.com/@metafam']",Seed Fund DAO,"['https://twitter.com/@metafam', 'https://twitter.com/@metafam']",[],[],[],[],[],[],[]
87,0x8ebbc3666a8ba1c0b7064d8912bd6d892860ae5e,[],Mega KODAO,[],[],[],[],[],[],[],[]
88,0x8fdb56abda980c3fcbbd24855e168c80be9909e8,[],CryptoCitizen Test DAO,[],[],[],[],[],[],[],[]
89,0x903e166bc02f6aebbe039730aa6bf91f98892db0,[],MetaTarot,[],[],[],[],[],[],[],[]
90,0x90c856f2f6d7ab7e8c80cfc0c39e208d34df2c7e,[],WLAP,[],[],[],[],[],[],[],[]
91,0x91c0a6ab0cd8fef5ed4c62cda41948c8102a3d12,[],King Of The World,[],[],[],[],[],[],[],[]
92,0x942fca85c5feb8f7860f3a236f47150106e191fb,[],Dead DAO 3,[],[],[],[],[],[],[],[]
93,0x95aed8aeb705db9a491d87518c9cfa7497999353,[],ChadDAO,[],[],[],[],[],[],[],[]
94,0x976c989df0a3999418486413613d23c849e403c1,[],MugenDAO,[],[],[],[],[],[],[],[]
95,0x9b3de7442089917eeaec21d3583e468546ab7e3b,[],ImpactWork,[],[],[],[],[],[],[],[]
96,0x9d9adcacc66e363ddf94bee548ef9f52627a6dc0,[],Tinker DAO,[],[],[],[],[],[],[],[]
97,0x9e5a59666873bf74827ac0a8beb0bbf5a5209ea7,[],0x9e5a59666873bf74827ac0a8beb0bbf5a5209ea7,[],[],[],[],[],[],[],[]
98,0x9e6e5d28341920b308e43318c19c0a572f7a3bfe,[],Test DAO,[],[],[],[],[],[],[],[]
99,0xa2792e28c47d90c4226672e45dd032c008b0ec58,[],Quild,[],[],[],[],[],[],[],[]
100,0xa4a96b8d64869ef39c055b91be75a028cac8bede,[],BlueFoxDAO,[],[],[],[],[],[],[],[]
101,0xa6a8c05367817f83bf6ec6cf83603a73f03b4319,"['https://twitter.com/@metopiametopian', 'https://medium.com/@Metopian', 'https://twitter.com/@metopiametopian']",Metopia,"['https://twitter.com/@metopiametopian', 'https://twitter.com/@metopiametopian']",[],[],['https://medium.com/@Metopian'],[],[],[],[]
102,0xa7f635f8f5177d17ecaab21fc78e706c716ccbd9,[],Project Toro,[],[],[],[],[],[],[],[]
103,0xa8421f3512f8f75873abff51f7feb79752027d75,[],$SavvyAlpha,[],[],[],[],[],[],[],[]
104,0xab07bc6857b3cca53c3c15e2a0fd3c2ad38b6b4e,"['https://discord.gg/https://', 'https://t.me/basedfi', 'https://twitter.com/@basedfi', 'https://basedfi.com/', 'https://discord.gg/https://', 'https://twitter.com/@basedfi']",BasedFinance,"['https://twitter.com/@basedfi', 'https://twitter.com/@basedfi']",[],"['https://discord.gg/https://', 'https://discord.gg/https://']",[],[],[],[],[]
105,0xac788c55bbf081cde2fcf446b71b42d1bf8e99e7,[],Progress Capital,[],[],[],[],[],[],[],[]
106,0xad18be43b32af9934f1d2f02503b400924701a9f,"['web+urbitgraph://group/~littel-wolfur/the-swolesome-fund', 'https://discord.gg/web+urbitgraph://group/~littel-wolfur/the-swolesome-fund', 'https://t.me/web+urbitgraph://group/~littel-wolfur/the-swolesome-fund', 'https://medium.com/studio', 'https://discord.gg/web+urbitgraph://group/~littel-wolfur/the-swolesome-fund']",The Swolesome Fund,[],[],"['https://discord.gg/web+urbitgraph://group/~littel-wolfur/the-swolesome-fund', 'https://discord.gg/web+urbitgraph://group/~littel-wolfur/the-swolesome-fund']",['https://medium.com/studio'],[],[],[],[]
107,0xaebf9201c0d3cd09c447b717a7f9e190a5f4ca92,['https://www.notion.so/CherryPhamtom-6909a6836c6b490c974626d80e8f5a57'],CherryPhantom,[],[],[],[],[],[],[],[]
108,0xaf4a035891fc392a05743aa9a75816c4d411960f,"['https://nouns.wtf/', 'https://discord.gg/xAbBMGxT', 'https://t.me/+2-7CJU8jhg5hNzgx', 'https://twitter.com/0xd2_eth/status/1537494117072052224?s=20&t=iAnZ2iggqauCFzOmBNd9vA', 'https://discord.gg/xAbBMGxT', 'https://twitter.com/0xd2_eth/status/1537494117072052224?s=20&t=iAnZ2iggqauCFzOmBNd9vA']",MetaNoun,"['https://twitter.com/0xd2_eth/status/1537494117072052224?s=20&t=iAnZ2iggqauCFzOmBNd9vA', 'https://twitter.com/0xd2_eth/status/1537494117072052224?s=20&t=iAnZ2iggqauCFzOmBNd9vA']",[],"['https://discord.gg/xAbBMGxT', 'https://discord.gg/xAbBMGxT']",[],[],[],[],[]
109,0xb0081972a923948616b8436cdc3ee534bf867758,"['http://w3blab.io/', 'https://t.me/w3bLab', 'https://twitter.com/W3B_Lab', 'https://twitter.com/W3B_Lab']",W3bLab DAO,"['https://twitter.com/W3B_Lab', 'https://twitter.com/W3B_Lab']",[],[],[],[],[],[],[]
110,0xb0736179ffe3e55b1bf3f7d760b52167621b6a22,[],Expose Big Pharma,[],[],[],[],[],[],[],[]
111,0xb19368c8a9ce4c4a7dc4aa424123983f70802105,[],BROUS DAO,[],[],[],[],[],[],[],[]
112,0xb4c9a09187f24db56ae471572d6c6c91eaa353bc,['https://thebitzen.com/btzn/'],Bitzen,[],[],[],[],[],[],[],[]
113,0xb50fcb7417503e086625ef46146b128246453b08,"['https://discord.gg/mastermindDAO', 'https://twitter.com/@mastermindDAO', 'https://discord.gg/mastermindDAO', 'https://twitter.com/@mastermindDAO']",mastermind,"['https://twitter.com/@mastermindDAO', 'https://twitter.com/@mastermindDAO']",[],"['https://discord.gg/mastermindDAO', 'https://discord.gg/mastermindDAO']",[],[],[],[],[]
114,0xb5a7deccdfa92187ae77de70994176f774732ded,[],genesis,[],[],[],[],[],[],[],[]
115,0xbaea2646bebd2d6fcf5d8e4831692a6e78b7de7c,['https://akaia.eth/'],Akaia,[],[],[],[],[],[],[],[]
116,0xbeb3e32355a933501c247e2dbde6e6ca2489bf3d,"['https://raidguild.org/', 'https://twitter.com/@raidguild', 'https://twitter.com/@raidguild']",Raid Guild War Chest,"['https://twitter.com/@raidguild', 'https://twitter.com/@raidguild']",[],[],[],[],[],[],[]
117,0xc0da65b8c37125096e9d54bf02eb4bd8657f66b8,"['https://www.mcon.fun/', 'https://t.me/+OcLqNBzTTe8xOTBh']",MCON II,[],[],[],[],[],[],[],[]
118,0xc5edf90e3474cbca466c4a9bf4ed6d3f0555fe53,"['https://discord.gg/Xeq8Ws3D', 'https://twitter.com/@caribedao', 'https://discord.gg/Xeq8Ws3D', 'https://twitter.com/@caribedao']",CaribeDAO,"['https://twitter.com/@caribedao', 'https://twitter.com/@caribedao']",[],"['https://discord.gg/Xeq8Ws3D', 'https://discord.gg/Xeq8Ws3D']",[],[],[],[],[]
119,0xc7eccbf0598c94607bfa4fc1820ddf972f058344,"['https://twitter.com/SporeDAO', 'https://twitter.com/SporeDAO']","Spore DAO (üçÑ,üçÑ) (Hydra Ventures GP)","['https://twitter.com/SporeDAO', 'https://twitter.com/SporeDAO']",[],[],[],[],[],[],[]
120,0xc84f40a4b4809a2468e8bdcc6f21cd1f7508110f,"['https://www.conneto.me/', 'https://discord.gg/eswUdbFV', 'https://twitter.com/connetome', 'https://discord.gg/eswUdbFV', 'https://twitter.com/connetome']",Connetome,"['https://twitter.com/connetome', 'https://twitter.com/connetome']",[],"['https://discord.gg/eswUdbFV', 'https://discord.gg/eswUdbFV']",[],[],[],[],[]
121,0xcad3cc9e229bd779e8bb9fef9f042754bfe0d435,[],University of Texas NIL DAO,[],[],[],[],[],[],[],[]
122,0xcaed29b19742c78c21c37383ddf81c4529a37bb5,[],UnaVida,[],[],[],[],[],[],[],[]
123,0xcb46298767fb5d44c18313976c30d3eeb5071862,[],yEarn yDAO,[],[],[],[],[],[],[],[]
124,0xcea6952b9d31b29c056c7b15b76e728ee5312222,[],Burn Club Network,[],[],[],[],[],[],[],[]
125,0xd01c53055c80d67083da0d415cd43a3f1a8ce9a4,['https://digital-schooling.in/'],Digital Schooling,[],[],[],[],[],[],[],[]
126,0xd13123c68d3e3a2c45bdb9ef647c6d7c6abb95c0,"['https://urn.art/', 'https://discord.gg/https://discord.com/invite/YPU7zG7nf6', 'https://twitter.com/URN__ART', 'https://medium.com/@urn_art', 'https://discord.gg/https://discord.com/invite/YPU7zG7nf6', 'https://twitter.com/URN__ART']",Internship DAO,"['https://twitter.com/URN__ART', 'https://twitter.com/URN__ART']",[],"['https://discord.gg/https://discord.com/invite/YPU7zG7nf6', 'https://discord.gg/https://discord.com/invite/YPU7zG7nf6']",['https://medium.com/@urn_art'],[],[],[],[]
127,0xd32ef859c95d8dd9e673bd150fbf89c648f11a8e,[],DAOfest,[],[],[],[],[],[],[],[]
128,0xd3978be25934bdb9c3dcc04666dbab193ffa75c7,"['https://twitter.com/@CryptomondaysNY', 'https://twitter.com/@CryptomondaysNY']",Crypto Mondays DAO,"['https://twitter.com/@CryptomondaysNY', 'https://twitter.com/@CryptomondaysNY']",[],[],[],[],[],[],[]
129,0xd84ebd1acf700a4284e23cef897c0ce7af0046ac,"['https://discord.gg/36n6Sv8P77', 'https://discord.gg/36n6Sv8P77']",Lucid DAO,[],[],"['https://discord.gg/36n6Sv8P77', 'https://discord.gg/36n6Sv8P77']",[],[],[],[],[]
130,0xd8f08857bf940fb8f73fe45682dfdea5c443cec2,"['https://www.karumanft.com/', 'https://discord.gg/karumapalace', 'https://twitter.com/@karumapalace', 'https://discord.gg/karumapalace', 'https://twitter.com/@karumapalace']",KarumaDAO,"['https://twitter.com/@karumapalace', 'https://twitter.com/@karumapalace']",[],"['https://discord.gg/karumapalace', 'https://discord.gg/karumapalace']",[],[],[],[],[]
131,0xdc8071585475c236bfd4efeaf1585661f75af871,[],Learning Media DAO,[],[],[],[],[],[],[],[]
132,0xdd59020606dfb3de4d05dee82f9012dee8e42d13,['https://collectivesovereignty.org/'],Collective Sovereignty DAO,[],[],[],[],[],[],[],[]
133,0xdda0d700a2e847a701308dfaf46194ad26698e9a,[],Metabolic,[],[],[],[],[],[],[],[]
134,0xdda8841a529fffaeb5643ce93819c1e6a3667a7c,[],ONTOP DAO,[],[],[],[],[],[],[],[]
135,0xdf8daefeb8416fa1d2ecdd34996dce6ae26a2ff6,[],Campbell IRL,[],[],[],[],[],[],[],[]
136,0xe27733ffa66ce427a2cfd8e3211fda1b06971ade,"['https://twitter.com/@dropout_dao', 'https://twitter.com/@dropout_dao']",DropoutDAO,"['https://twitter.com/@dropout_dao', 'https://twitter.com/@dropout_dao']",[],[],[],[],[],[],[]
137,0xe880f6dc2b75435f70e759362c55eaf78cd248a2,[],vista test,[],[],[],[],[],[],[],[]
138,0xe8a06e64812a06a12c170cecb15c6838f6d26637,[],SWEAT DAO,[],[],[],[],[],[],[],[]
139,0xed433f2ec72e70d508fce1283c2deba1d4ecb5ac,[],Dystopia Test,[],[],[],[],[],[],[],[]
140,0xeff19f95b10009d6ff2a087a80276cd998098a1b,"['https://discord.gg/https://discord.com/channels/940904761476136970/940940522036535356', 'https://discord.gg/https://discord.com/channels/940904761476136970/940940522036535356']",FunDAO_v1,[],[],"['https://discord.gg/https://discord.com/channels/940904761476136970/940940522036535356', 'https://discord.gg/https://discord.com/channels/940904761476136970/940940522036535356']",[],[],[],[],[]
141,0xf31db90cf249222b13fff9b4a58eb5547c76af6b,"['https://twitter.com/@NFIdiots', 'https://twitter.com/@NFIdiots']",Idiot$DAO,"['https://twitter.com/@NFIdiots', 'https://twitter.com/@NFIdiots']",[],[],[],[],[],[],[]
142,0xf4ea80eacd51173c33ae154da6f6e852b5133ecc,[],RobinDAO,[],[],[],[],[],[],[],[]
143,0xf556458cd4043b95bf7a0e3f89e9d78febdd5b72,[],FREEVIRGIL,[],[],[],[],[],[],[],[]
144,0xf9bd49d8f9a9290bdb263c6c9b9765b852dabe63,[],BruceDAO,[],[],[],[],[],[],[],[]
145,0xfdec4c4ead347831e1300549117ff8d61e1174d3,"['https://discord.gg/HdkUgU2j', 'https://discord.gg/HdkUgU2j']",WeHaveADream,[],[],"['https://discord.gg/HdkUgU2j', 'https://discord.gg/HdkUgU2j']",[],[],[],[],[]
146,0xfe9cbcc1b54c64ee06303f59032da7884cbf1894,"['https://t.me/religiondaoerc', 'https://twitter.com/@daoreligion', 'https://twitter.com/@daoreligion']",Religion DAO,"['https://twitter.com/@daoreligion', 'https://twitter.com/@daoreligion']",[],[],[],[],[],[],[]
147,0x001352d4395fdf1850c52599f906ba5edce377d1,[],xiaolingzi,[],[],[],[],[],[],[],[]
148,0x0065277fe253dc2413781b4f60213a14d33bcd5b,[],redefine finance,[],[],[],[],[],[],[],[]
149,0x00957860dc48768b6eca3528b28a5ad1ad1f63fb,['https://mms.team/'],MMS,[],[],[],[],[],[],[],[]
150,0x00aece8e5fbd08b18326e7c4bb3dd77fd693a93f,[],Wordsmiths,[],[],[],[],[],[],[],[]
151,0x00ca0de9dda85e1451a84873932327f26a609fc0,[],788,[],[],[],[],[],[],[],[]
152,0x00cef1af1aa61e7d3802acda7cad25928317a331,[],Community Lift,[],[],[],[],[],[],[],[]
153,0x01501c3cce04f5843162e1ed0e77997a099da4cf,[],T4,[],[],[],[],[],[],[],[]
154,0x0179fe4758fbec1124995a0cee7b1e713d34bc36,['https://uberhaus.club/'],Uberhaus 1.5,[],[],[],[],[],[],[],[]
155,0x01c84f592bfe1dedb98bdeb1dbc669141d7ccb68,[],KindaNiceDAO,[],[],[],[],[],[],[],[]
156,0x02b44e13f99cd93b8aa02a9e2922d6928a511e36,"['https://twitter.com/@adventurecapitalist', 'https://twitter.com/@adventurecapitalist']",Adventure Capitalist Club,"['https://twitter.com/@adventurecapitalist', 'https://twitter.com/@adventurecapitalist']",[],[],[],[],[],[],[]
157,0x0306cb00c843f1774dec0a5f7dd7f2267d55144b,[],HM,[],[],[],[],[],[],[],[]
158,0x0394bfc21fae92c0270ec8826a46c6443c243bf3,[],GOO DAO,[],[],[],[],[],[],[],[]
159,0x04139bba3ecfe644b89b2c562f3f509464717e59,[],defunct,[],[],[],[],[],[],[],[]
160,0x046467ee0aabd6ff8a4e013dc8d53d6ebc3d4372,[],test flu,[],[],[],[],[],[],[],[]
161,0x046d1c324cd5ca0115e04ea1e4feecfaf44a8bf5,['https://smartinvoice.xyz/'],Smart Invoice,[],[],[],[],[],[],[],[]
162,0x050c661ba59ac551f7e835d12195abb511d2a98b,[],Have a risky future return DAO,[],[],[],[],[],[],[],[]
163,0x054b2a03e3f45bdee36698330299d4087815ccfd,['https://abasta.club/'],ABASTA,[],[],[],[],[],[],[],[]
164,0x056292d7533325039a43dca8fa3f89026cebeb39,"['https://twitter.com/CryptoRhinoo', 'https://twitter.com/CryptoRhinoo']",RhinoDAO,"['https://twitter.com/CryptoRhinoo', 'https://twitter.com/CryptoRhinoo']",[],[],[],[],[],[],[]
165,0x05690779b93d95697768aee73c9cc6475762b70d,[],Titan NFT Recovery DAO,[],[],[],[],[],[],[],[]
166,0x05a7c4dedb8ad4124ae4ec16a3f7d1166688c029,"['https://discord.gg/pX7K3SUe', 'https://discord.gg/pX7K3SUe']",bitark Dao,[],[],"['https://discord.gg/pX7K3SUe', 'https://discord.gg/pX7K3SUe']",[],[],[],[],[]
167,0x05d463747c844ae1efe9b64ffbb30357de61f730,[],kingzmaker.dao,[],[],[],[],[],[],[],[]
168,0x06b109353f6f2b5c028b9493f0787127bc6e1560,"['https://pluriverse.wtf/', 'https://t.me/+ax9h0tABCJs2M2Rh', 'https://twitter.com/owocki', 'https://twitter.com/owocki']",Pluriverse DAO,"['https://twitter.com/owocki', 'https://twitter.com/owocki']",[],[],[],[],[],[],[]
169,0x077e1eaeaea9745bc597ad70ec90152a2fc21f41,"['https://discord.gg/nQvcuyBx', 'https://twitter.com/@Cardume_gz', 'https://discord.gg/nQvcuyBx', 'https://twitter.com/@Cardume_gz']",Cardume Galiza,"['https://twitter.com/@Cardume_gz', 'https://twitter.com/@Cardume_gz']",[],"['https://discord.gg/nQvcuyBx', 'https://discord.gg/nQvcuyBx']",[],[],[],[],[]
170,0x07b2177549d916c17e78f65e71dac6ae3df6a8c9,[],EVDAO,[],[],[],[],[],[],[],[]
171,0x0881fb1247769d1919ff18078840209a4370420a,[],upfcpd,[],[],[],[],[],[],[],[]
172,0x08e3b8eaf694245338e500ba559a07c24021fc1e,[],null,[],[],[],[],[],[],[],[]
173,0x09a54b4a6805f80e712b4b885601cfacdd7e035e,[],LEO,[],[],[],[],[],[],[],[]
174,0x09aa05c3ed02f67bfc93d0ab6800320dd85f647d,[],T-DAO,[],[],[],[],[],[],[],[]
175,0x0a0dd4d10c65a8df1f5bec733428d4aef3a1b146,['https://www.buffalofilm.org/'],BIFF Publisher,[],[],[],[],[],[],[],[]
176,0x0a1347b2db64d9856989ba5fd6e37d727eb71d92,[],NEOS Dao-Game,[],[],[],[],[],[],[],[]
177,0x0aad21f38e7a3b60670a47be52454f5215c64ba8,[],RLY DAO,[],[],[],[],[],[],[],[]
178,0x0ac58599f825b5c8aa8e3e5a72d421cc77e30af4,[],SustainabilityLink,[],[],[],[],[],[],[],[]
179,0x0ad60cfafc202ef81d0550823e4d896c20192d0a,[],EaselResolute,[],[],[],[],[],[],[],[]
180,0x0b0806d553713f5c9aca3153551892f1e94e0a2e,[],SCD,[],[],[],[],[],[],[],[]
181,0x0b823cb882a6039f0330c5fb5bab5c8f5895d1ef,['https://phantomus.com/'],Phantomus DAO3,[],[],[],[],[],[],[],[]
182,0x0c145b9b831d0ef7d578519af13446b23991d1a6,[],Hunab Ku,[],[],[],[],[],[],[],[]
183,0x0c39ad32f6bd0e2772a31d763d796958ac1d5ac2,[],Allgator Club,[],[],[],[],[],[],[],[]
184,0x0d25763399e39686bbe3c434e00e9e17e8b7b7d3,[],ArbitrageDAO HD,[],[],[],[],[],[],[],[]
185,0x0e09d2914a0488cac91c90ea7028fff1b8336e2e,"['https://bloxl.co/', 'https://discord.gg/invite/jjBERNFFjN', 'https://t.me/+IZcL_8nlkXpmNjcx', 'https://twitter.com/@cheerbotme', 'https://github.com/cheerbotme/pixelart', 'https://discord.gg/invite/jjBERNFFjN', 'https://twitter.com/@cheerbotme']",CheerMatrix,"['https://twitter.com/@cheerbotme', 'https://twitter.com/@cheerbotme']",[],"['https://discord.gg/invite/jjBERNFFjN', 'https://discord.gg/invite/jjBERNFFjN']",[],[],[],[],['https://github.com/cheerbotme/pixelart']
186,0x0e96f425e5ddcec3070619e44eeed13ab7a46aed,"['https://t.me/jervis7', 'https://medium.com/@kchain', 'https://kchain.kr/']",JervisDAO,[],[],[],['https://medium.com/@kchain'],[],[],[],[]
187,0x0f3d02102737355fbf6256bf5dd1518726535278,[],DAOctopows,[],[],[],[],[],[],[],[]
188,0x0f57ff0d7c4310731f11a73737f17683f069743e,"['https://t.me/+DvnsSMcs7As5OTAx', 'https://twitter.com/@metapausedao', 'https://twitter.com/@metapausedao']",MetaPause,"['https://twitter.com/@metapausedao', 'https://twitter.com/@metapausedao']",[],[],[],[],[],[],[]
189,0x0f73bf9d9899a61f7af8cd2cc012770c4392fe93,"['https://discord.gg/pX7K3SUe', 'https://discord.gg/pX7K3SUe']",BitArkDao,[],[],"['https://discord.gg/pX7K3SUe', 'https://discord.gg/pX7K3SUe']",[],[],[],[],[]
190,0x1045d957be8e6afc1a158fe55363dc1b95a746a0,[],BCD,[],[],[],[],[],[],[],[]
191,0x10628d8233c463fad5419a7905f7f445a27c1be1,[],Spice Supreme Proportional Distribution Lords,[],[],[],[],[],[],[],[]
192,0x10e31c10fb4912bc408ce6c585074bd8693f2158,[],Raid Guild season1,[],[],[],[],[],[],[],[]
193,0x1109136c32d6a2138dc0379b734d84ad0c2ffb1b,"['https://www.daosquare.io/', 'https://discord.gg/https://discord.com/invite/wtgQN5C', 'https://twitter.com/@DAOSquare', 'https://medium.com/daosquare', 'https://discord.gg/https://discord.com/invite/wtgQN5C', 'https://twitter.com/@DAOSquare']",DAOSquare,"['https://twitter.com/@DAOSquare', 'https://twitter.com/@DAOSquare']",[],"['https://discord.gg/https://discord.com/invite/wtgQN5C', 'https://discord.gg/https://discord.com/invite/wtgQN5C']",['https://medium.com/daosquare'],[],[],[],[]
194,0x1140ab88362a436f59763f2603e4a50e55eb6760,[],NULL,[],[],[],[],[],[],[],[]
195,0x117b7316d117394aec3d2e0b46d1667137c184dc,[],SquadLife,[],[],[],[],[],[],[],[]
196,0x11e1c6d46dd15565b7383efee2948f0d183326d0,[],RockDAO,[],[],[],[],[],[],[],[]
197,0x12139a7512b360173af9b4ea7f1b95916164e1fb,[],A Froge Story,[],[],[],[],[],[],[],[]
198,0x1231f74d8755cce371b7593c5d6f644c419e1e38,"['https://twitter.com/punksolid', 'https://twitter.com/punksolid']",Lending Beta,"['https://twitter.com/punksolid', 'https://twitter.com/punksolid']",[],[],[],[],[],[],[]
199,0x12c6a3b4ed2b61762e79385c3649736cbc1f6382,[],OracleDAOv1.0.0 HD,[],[],[],[],[],[],[],[]
200,0x12e87166b2554ec6c16d67b4141d1bc6059b5865,[],üê∏ Feels Good Man,[],[],[],[],[],[],[],[]
201,0x1350730995c9ae07fa981ba0ccf8222f907e0753,[],another test,[],[],[],[],[],[],[],[]
202,0x13cd15b3cf2cb336dc42e4471cab6b2e22f514b7,"['https://twitter.com/flyterminateDAO', 'https://twitter.com/flyterminateDAO']",FlyTerminatorDAO,"['https://twitter.com/flyterminateDAO', 'https://twitter.com/flyterminateDAO']",[],[],[],[],[],[],[]
203,0x143f38d3f658381f92f602f0373bbb02d9550ef6,[],testingdao,[],[],[],[],[],[],[],[]
204,0x14614ac6cd43558670e4614327cf4084139ad5a3,[],Doug+Lauren DAO 1,[],[],[],[],[],[],[],[]
205,0x14c33bc81e41af8c5588ca8d8d899c391b61b112,"['https://discord.gg/https://discord.com/channels/948945984904368139/948959929258111076', 'https://www.linkedin.com/company/impactwork-io/', 'https://discord.gg/https://discord.com/channels/948945984904368139/948959929258111076']",ImpactWork,[],[],"['https://discord.gg/https://discord.com/channels/948945984904368139/948959929258111076', 'https://discord.gg/https://discord.com/channels/948945984904368139/948959929258111076']",[],[],[],[],[]
206,0x1527bc283cb67e1ba85b6d984a0d79c9bb4c5280,['https://www.gulelhukuk.com/'],Gulel DAO,[],[],[],[],[],[],[],[]
207,0x157823bcef78f86b695fec553e9c48da1c029c4f,[],CCY,[],[],[],[],[],[],[],[]
208,0x16283ce4490ac0a250c3ceaa2421593ac3840681,[],Delic,[],[],[],[],[],[],[],[]
209,0x1691900c86a4638a17c1ed262edb6bc15c3cdba1,"['https://twitter.com/@np1_ttv', 'https://twitter.com/@np1_ttv']",Resilience Practice DAO,"['https://twitter.com/@np1_ttv', 'https://twitter.com/@np1_ttv']",[],[],[],[],[],[],[]
210,0x16b0643b81ddef5f1ba675870048a9715b1f1805,[],Vulcan Ni'var,[],[],[],[],[],[],[],[]
211,0x170fbebb232163a49bd57f1ebf9660b2f715e4f2,[],Happy Joshua Tree Friends,[],[],[],[],[],[],[],[]
212,0x175b5e30ba86d6707b66a12a71aed991ea19af17,"['https://www.the-collective-dao.com/', 'https://twitter.com/@collective_dao', 'https://twitter.com/@collective_dao']",The Collective DAO,"['https://twitter.com/@collective_dao', 'https://twitter.com/@collective_dao']",[],[],[],[],[],[],[]
213,0x17708459e063fafdfb4f03231337de8d245ee7c8,[],The Fant√¥me Ventures,[],[],[],[],[],[],[],[]
214,0x17b70964e72f3755e0dda8def885aa0a5cb8ac70,"['https://twitter.com/@BigLeonOne', 'https://twitter.com/@BigLeonOne']",BigLeonOne,"['https://twitter.com/@BigLeonOne', 'https://twitter.com/@BigLeonOne']",[],[],[],[],[],[],[]
215,0x19160c78cfbe2a901691e67d4d4fcdbe9e8d93c0,[],Larp Dao,[],[],[],[],[],[],[],[]
216,0x1a43b93b0a412192e321e197163c3be676167389,[],Fair Launch NFTs,[],[],[],[],[],[],[],[]
217,0x1ab608ccd8a704a46c2c749c770afd05aa0eb67e,[],fuckDAO,[],[],[],[],[],[],[],[]
218,0x1b2e3eb6e67ad9e1ac0d915783b19066c22065b7,['https://phantomus.com/'],Phantomus DAO4,[],[],[],[],[],[],[],[]
219,0x1b3e43a5e9614a06243900b56fa4eb729c5f8786,[],BullDAOg,[],[],[],[],[],[],[],[]
220,0x1bfa722ab7ba3f35733df57844ce6a1e56e77498,[],quickDAO,[],[],[],[],[],[],[],[]
221,0x1d2d7ff453e444481a5b9170414089a0205e978d,[],sdsa,[],[],[],[],[],[],[],[]
222,0x1d592d9b3234c312f5209937b2d1aa1c6ed647b3,"['https://t.me/t.me/+Ann536jVVEkyMWUx', 'https://twitter.com/https://discord.gg/BTDsg2xF', 'https://twitter.com/https://discord.gg/BTDsg2xF']",test2,"['https://twitter.com/https://discord.gg/BTDsg2xF', 'https://twitter.com/https://discord.gg/BTDsg2xF']",[],"['https://twitter.com/https://discord.gg/BTDsg2xF', 'https://twitter.com/https://discord.gg/BTDsg2xF']",[],[],[],[],[]
223,0x1e701cce40ff25cd681bff0e261ea07bba089d5f,[],BauHaus,[],[],[],[],[],[],[],[]
224,0x1f0132487baa5968ef3760a5fffe15da0d60103c,[],Zuich New NFT DAO,[],[],[],[],[],[],[],[]
225,0x2004cb1e8fb6d4476acdc9e1d37f717d3a83384d,[],Buyback CC1,[],[],[],[],[],[],[],[]
226,0x2091769ada053b693f5546471512e12819abc393,['https://blitznetwork.com/'],Blitz Dao,[],[],[],[],[],[],[],[]
227,0x20f7ed17e3cc18df36452302163b7269d4605073,[],BCF-DAOTest-XDAI,[],[],[],[],[],[],[],[]
228,0x2194ac2387cfa72ecc9c1d22f48963d2eb633155,[],simpleproductgovernance,[],[],[],[],[],[],[],[]
229,0x222a44025412c745a5b4098cb5260d3c34347838,"['https://777a.readme.io/', 'https://discord.gg/p5mfkU4jqU', 'https://twitter.com/@metaorg777', 'https://discord.gg/p5mfkU4jqU', 'https://twitter.com/@metaorg777']",777 Metacommunity DAO,"['https://twitter.com/@metaorg777', 'https://twitter.com/@metaorg777']",[],"['https://discord.gg/p5mfkU4jqU', 'https://discord.gg/p5mfkU4jqU']",[],[],[],[],[]
230,0x226ee3c2db926f1c9680a221de4f603d77e39c9c,[],MCON2 üå∂ - ChiliSteeple,[],[],[],[],[],[],[],[]
231,0x231414ceaac640729dc5af3475562e374e21fadc,[],SFO angel,[],[],[],[],[],[],[],[]
232,0x231420e7c097cc0b4a83e4b73d14825cb39710f0,['https://nestr.io/'],Nestr DAO,[],[],[],[],[],[],[],[]
233,0x2353a974036301a37c53d583bbb31e38b224352a,[],TrojanDAO HD,[],[],[],[],[],[],[],[]
234,0x23a00a96c769dae7bcd9eb4e957f9a0752ca266e,[],MetaLqeaR,[],[],[],[],[],[],[],[]
235,0x23dae74112a89992d9dafa6f177ec379e18b4869,[],Lomads,[],[],[],[],[],[],[],[]
236,0x25cac7b75e3e7ba19eccfeb4d17514cfa93561a8,[],Practice DAO,[],[],[],[],[],[],[],[]
237,0x25ccbcba21a8587c0d3534c1d27e42570c1833be,[],Pool-Party HackerVilla HD,[],[],[],[],[],[],[],[]
238,0x25e28671de2cb5e1b7139bc18b43add9b725d792,"['https://discord.gg/CRTKj5zK', 'https://t.me/+kuf4cw16ZsgyNDUx', 'https://twitter.com/ExplorationDAO', 'https://discord.gg/CRTKj5zK', 'https://twitter.com/ExplorationDAO']",Exploration DAO,"['https://twitter.com/ExplorationDAO', 'https://twitter.com/ExplorationDAO']",[],"['https://discord.gg/CRTKj5zK', 'https://discord.gg/CRTKj5zK']",[],[],[],[],[]
239,0x25f909103f35f48f596a0df79ccd7370d2ad1f42,"['https://www.cinecapsule.com/', 'https://twitter.com/@cine_capsule', 'https://twitter.com/@cine_capsule']",CineCapsule,"['https://twitter.com/@cine_capsule', 'https://twitter.com/@cine_capsule']",[],[],[],[],[],[],[]
240,0x27a13470f89604f4a4f241342b2fae97a1521122,[],Ethereal Forest,[],[],[],[],[],[],[],[]
241,0x27a19e30086ce5a0cb04771182365f15edcee10c,"['https://discord.gg/discord.gg/upsandDAOs', 'https://t.me/t.me/upsandDAOs', 'https://twitter.com/@upsandDAOs', 'https://medium.com/medium.com/upsandDAOs', 'https://discord.gg/discord.gg/upsandDAOs', 'https://twitter.com/@upsandDAOs']",ups and DAOs,"['https://twitter.com/@upsandDAOs', 'https://twitter.com/@upsandDAOs']",[],"['https://discord.gg/discord.gg/upsandDAOs', 'https://discord.gg/discord.gg/upsandDAOs']",['https://medium.com/medium.com/upsandDAOs'],[],[],[],[]
242,0x27b870b5f28074c48322ace51fe777bcb2d9e1bf,"['https://twitter.com/@ftwdao', 'https://twitter.com/@ftwdao']",FTW Founders,"['https://twitter.com/@ftwdao', 'https://twitter.com/@ftwdao']",[],[],[],[],[],[],[]
243,0x27ff866544bdef14071533439f8b1a8a469a80fb,[],Inky Club,[],[],[],[],[],[],[],[]
244,0x2804e028f9e7dae13f9d9def6a024859440cd4a2,[],Poap DAO,[],[],[],[],[],[],[],[]
245,0x2806f58487a462da6e06c1904f5b4eb0d5e63bc2,[],Fraktal DeFi,[],[],[],[],[],[],[],[]
246,0x2836e92ec0f18c3f17ea1d4f7b3cc5eb676bae50,[],Skyrulian Model UN Class of 2022,[],[],[],[],[],[],[],[]
247,0x28b83a1cfecb83e07e83f8c6d66aac13faf47cf8,"['https://discord.gg/NDpujJk28E', 'https://t.me/RADAchat', 'https://twitter.com/@RADAtoken', 'https://medium.com/radatoken.medium.com', 'https://www.reddit.com/r/RADAtoken/', 'https://discord.gg/NDpujJk28E', 'https://twitter.com/@RADAtoken']",Rada Earth DAO,"['https://twitter.com/@RADAtoken', 'https://twitter.com/@RADAtoken']",[],"['https://discord.gg/NDpujJk28E', 'https://discord.gg/NDpujJk28E']",['https://medium.com/radatoken.medium.com'],[],[],[],[]
248,0x28f2577a8d0fa214193c78c8f76e8ca333952616,[],Andrew's Spiffy Test DAO,[],[],[],[],[],[],[],[]
249,0x2937f6ca25bf0ff9b0d12128ae181f5195d8394c,"['https://www.the-collective-dao.com/', 'https://twitter.com/@collective_dao', 'https://twitter.com/@collective_dao']",The Collective DAO,"['https://twitter.com/@collective_dao', 'https://twitter.com/@collective_dao']",[],[],[],[],[],[],[]
250,0x2957fb7bdab85666d333c60392101562b3731943,"['https://twitter.com/@wahukusweet', 'https://twitter.com/@wahukusweet']",Êø±Âè£Âππ‰πÖ,"['https://twitter.com/@wahukusweet', 'https://twitter.com/@wahukusweet']",[],[],[],[],[],[],[]
251,0x29fe4cd3e31fa157dfa3eb35079069c8d794cce7,"['https://www.web3designers.org/', 'https://discord.gg/uFgzWTxmYY', 'https://twitter.com/@web3designerz', 'https://gitcoin.co/grants/2609/web3designersorg-panvala-league', 'https://discord.gg/uFgzWTxmYY', 'https://twitter.com/@web3designerz']",Web3Designers,"['https://twitter.com/@web3designerz', 'https://twitter.com/@web3designerz']",[],"['https://discord.gg/uFgzWTxmYY', 'https://discord.gg/uFgzWTxmYY']",[],[],[],[],[]
252,0x2a4d5d857d179ee84966330d1d2e3675302f2a76,[],Archived- Lil Tester That Could,[],[],[],[],[],[],[],[]
253,0x2ca8d11230fa3d681b596008735ffdb27e140c21,[],TEST-2,[],[],[],[],[],[],[],[]
254,0x2d31966237b03fbc328f1d8547f7a612746994c3,[],test dao v2,[],[],[],[],[],[],[],[]
255,0x2d373cdd10bb9e3cd55af167c7095f38126b4168,[],Planetarium Alpha,[],[],[],[],[],[],[],[]
256,0x2d6b566a3652a78d5f97b8c4bf54c74f082f65b0,[],Anaxx Mining,[],[],[],[],[],[],[],[]
257,0x2dd2af5151778585ee09269d5335c85395673486,[],DrHongos Playground,[],[],[],[],[],[],[],[]
258,0x2dfc36a2b354844c1aebde3cd39dc42f59eaea41,"['https://identix.space//', 'https://testuser.mintgate.io/projects/the-most-exclusive-project']",Space DAO,[],[],[],[],[],[],[],[]
259,0x2f102f43bbfa9da8568f5cee631c5393d4f5f74a,[],Katra,[],[],[],[],[],[],[],[]
260,0x2f669fdc570f1ec3c7114537c566e1192d6f9f15,[],Razboina,[],[],[],[],[],[],[],[]
261,0x2f8aeade1b871017ec4521a18f45f7284b4097b3,[],DAOmike,[],[],[],[],[],[],[],[]
262,0x30df4f6d9c5496d1c7e908d8517d9cd5c6432b45,"['https://hackmd.io/BpgbV_B9RzqNW1bI5vq43A', 'https://twitter.com/MolochMystics', 'https://twitter.com/MolochMystics']",BAAL RIP,"['https://twitter.com/MolochMystics', 'https://twitter.com/MolochMystics']",[],[],[],[],[],[],[]
263,0x315e444325a9eacf105916901e88667392318af6,[],CoolDAO,[],[],[],[],[],[],[],[]
264,0x33602235b83afb7447bee87adb3037d7a8f3b1be,"['https://discord.gg/JWvMWM4f', 'https://discord.gg/JWvMWM4f']",GFM,[],[],"['https://discord.gg/JWvMWM4f', 'https://discord.gg/JWvMWM4f']",[],[],[],[],[]
265,0x338b316b083a3a64804710379ac27a52790f6d3a,"['https://discord.gg/BaCwc4gsGc', 'https://twitter.com/@metaversalDAO', 'https://discord.gg/BaCwc4gsGc', 'https://twitter.com/@metaversalDAO']",MetaversalDAO,"['https://twitter.com/@metaversalDAO', 'https://twitter.com/@metaversalDAO']",[],"['https://discord.gg/BaCwc4gsGc', 'https://discord.gg/BaCwc4gsGc']",[],[],[],[],[]
266,0x33ccbe9d344a99dfb11becae8cbc5c4e5d2eebc6,"['https://twitter.com/@akm_et', 'https://twitter.com/@akm_et']",mEDIUM hOUSE DAO,"['https://twitter.com/@akm_et', 'https://twitter.com/@akm_et']",[],[],[],[],[],[],[]
267,0x33d3f25fb77353e8c16c0c5127827385d63c37c1,"['https://discord.gg/92mUMKdTEs', 'https://discord.gg/92mUMKdTEs']",Makhno Guild,[],[],"['https://discord.gg/92mUMKdTEs', 'https://discord.gg/92mUMKdTEs']",[],[],[],[],[]
268,0x33fefe717dc652b888ef31489c4c2051d08a9f4a,[],n00b DAO,[],[],[],[],[],[],[],[]
269,0x3515752ea912697674a2a2689674e272c64fc785,[],TEST-4,[],[],[],[],[],[],[],[]
270,0x35877b86ec66e5bc442ebbd38238488dc34ba1c7,[],CoboDAO,[],[],[],[],[],[],[],[]
271,0x3693f69ff2ddbb4ec19a7e43e6275e8e15698107,[],Kvalifik DAO 4.0,[],[],[],[],[],[],[],[]
272,0x36c10e64303254e12411744d049dc4e3a19da3d0,[],NFT Cuba,[],[],[],[],[],[],[],[]
273,0x3825aede46142ebdfdbf4582bfcfb0cfcec1a1ac,['https://github.com/omni/omnibridge-ui/issues'],Omnibridge Party,[],[],[],[],[],[],[],['https://github.com/omni/omnibridge-ui/issues']
274,0x3861cd873cf7b378fa249b733c970be228771c02,[],Small Fish Fund,[],[],[],[],[],[],[],[]
275,0x38929af7d398b01e15d9eb676960d57facc6f3a6,[],GFV-1023 Lilypad,[],[],[],[],[],[],[],[]
276,0x38c62f15539a97e3a335b6739399ee27c45b8a50,"['https://twitter.com/@boilerrat', 'https://twitter.com/@boilerrat']",Lunar Woodlands Alliance,"['https://twitter.com/@boilerrat', 'https://twitter.com/@boilerrat']",[],[],[],[],[],[],[]
277,0x396399aa18755fa0c6392b1dc0da5254b2340dfc,[],Salmanazar,[],[],[],[],[],[],[],[]
278,0x39eeb2eee14fefcb184794d22c81fd754bdecc3a,"['https://rocketstar.foundation/', 'https://twitter.com/@rcktstrs', 'https://medium.com/rocketstar-foundation', 'https://twitter.com/@rcktstrs']",Rocketstar Foundation,"['https://twitter.com/@rcktstrs', 'https://twitter.com/@rcktstrs']",[],[],['https://medium.com/rocketstar-foundation'],[],[],[],[]
279,0x3aa5ff86fbff5818eae4c20ea97cb6d0a55a8d03,[],DAOhaus Digest,[],[],[],[],[],[],[],[]
280,0x3ab6d6b2f462fbe869ba8652f01582d195b4bd57,"['https://twitter.com/@redcancreative', 'https://twitter.com/@redcancreative']",RedCanDAO,"['https://twitter.com/@redcancreative', 'https://twitter.com/@redcancreative']",[],[],[],[],[],[],[]
281,0x3b2e1f97961fe5a1bd9e8a8f45e802da6d2bc94c,[],Test DAO,[],[],[],[],[],[],[],[]
282,0x3b3e924c0287b6164e76fb0bfd4879e1c9c7ba53,[],Cassiopeia Company 2.0,[],[],[],[],[],[],[],[]
283,0x3b4916b80fdeaf0470c9d07a46ef04a7ba3d432e,"['https://twitter.com/@lex_DAO', 'https://twitter.com/@lex_DAO']",RealDAO,"['https://twitter.com/@lex_DAO', 'https://twitter.com/@lex_DAO']",[],[],[],[],[],[],[]
284,0x3b676a2c2c6e1599f0fe292ce6b887d958df0313,[],chenmayson,[],[],[],[],[],[],[],[]
285,0x3b6e0f4579481af202409efdd7b3fa22c0c1c0b6,[],abunDAO,[],[],[],[],[],[],[],[]
286,0x3be431fa62a476314812c62e2e1b263e559c5a16,[],Nexus Demo,[],[],[],[],[],[],[],[]
287,0x3d4eb76ef11946de84c92e46b9c944a788331a41,"['https://discord.gg/RQ7ehKU9UP', 'https://discord.gg/RQ7ehKU9UP']",Carabela Guild,[],[],"['https://discord.gg/RQ7ehKU9UP', 'https://discord.gg/RQ7ehKU9UP']",[],[],[],[],[]
288,0x3d5058d350fc686501daaa5d6f346a37eed907ac,"['https://bloxl.co/', 'https://discord.gg/invite/jjBERNFFjN', 'https://t.me/+IZcL_8nlkXpmNjcx', 'https://twitter.com/@cheerbotme', 'https://discord.gg/invite/jjBERNFFjN', 'https://twitter.com/@cheerbotme']",CheerMatrix,"['https://twitter.com/@cheerbotme', 'https://twitter.com/@cheerbotme']",[],"['https://discord.gg/invite/jjBERNFFjN', 'https://discord.gg/invite/jjBERNFFjN']",[],[],[],[],[]
289,0x3dc573a1a5a9e6d7ca8d74a064d9488e611babc1,[],Ith Test,[],[],[],[],[],[],[],[]
290,0x3dcaa401ad98aa02d189901b7506cc8009d68d48,[],Meta Gamma Delta HD,[],[],[],[],[],[],[],[]
291,0x3e0a8fdc4820a99df822fb2e8e1e1f62437f4ef7,[],test,[],[],[],[],[],[],[],[]
292,0x3e54831ba275aed97e7c2d45212512e26be3c144,[],MegaDAO,[],[],[],[],[],[],[],[]
293,0x3ea75934663241c3d7dfd813418733a2f04d304a,[],Exploration DAO,[],[],[],[],[],[],[],[]
294,0x3ee54bcb23ba5385e3bf010d4f383fc4e6345eb6,"['https://discord.gg/pX7K3SUe', 'https://discord.gg/pX7K3SUe']",TEST DAO,[],[],"['https://discord.gg/pX7K3SUe', 'https://discord.gg/pX7K3SUe']",[],[],[],[],[]
295,0x3f0ad15fb1ee96f649499c6198713d11781d93f2,"['https://docs.graphadvocates.com/', 'https://discord.gg/aZtCCKPp34', 'https://twitter.com/GraphAdvocates', 'https://discord.gg/aZtCCKPp34', 'https://twitter.com/GraphAdvocates']",Graph AdvocatesDAO,"['https://twitter.com/GraphAdvocates', 'https://twitter.com/GraphAdvocates']",[],"['https://discord.gg/aZtCCKPp34', 'https://discord.gg/aZtCCKPp34']",[],['https://docs.graphadvocates.com/'],[],[],[]
296,0x3f24c340b9677d35cb58d23068791f88fc82ae81,[],chris and friends,[],[],[],[],[],[],[],[]
297,0x3f808e4eecc3a62527809c65e9ca409236eeaf4e,[],ATX Crypto,[],[],[],[],[],[],[],[]
298,0x3fbfc09b1c07e128391af38ee8c9e592dc59bd9f,"['https://www.baldjesus.com/', 'https://discord.gg/BqqtyDYPn8', 'https://t.me/https://www.twitter.com/bjblequotes', 'https://twitter.com/@baldjesusart', 'https://www.baldjesusdrkingclub.com/', 'https://discord.gg/BqqtyDYPn8', 'https://twitter.com/@baldjesusart']",Bald Jesus DAO,"['https://t.me/https://www.twitter.com/bjblequotes', 'https://twitter.com/@baldjesusart', 'https://twitter.com/@baldjesusart']",[],"['https://discord.gg/BqqtyDYPn8', 'https://discord.gg/BqqtyDYPn8']",[],[],[],[],[]
299,0x40a486452f60157a085d611cede9309c5a4559fd,[],test,[],[],[],[],[],[],[],[]
300,0x41c9f1de350546a193f1401e7806554f9ab9b381,[],MetaCartel Paladins,[],[],[],[],[],[],[],[]
301,0x4233de3064de92002eeab722c76033c1e283e84f,"['https://www.thecantina.xyz/', 'https://discord.gg/thecantinastudio', 'https://twitter.com/TheCantinaXYZ', 'https://discord.gg/thecantinastudio', 'https://twitter.com/TheCantinaXYZ']",The Cantina,"['https://twitter.com/TheCantinaXYZ', 'https://twitter.com/TheCantinaXYZ']",[],"['https://discord.gg/thecantinastudio', 'https://discord.gg/thecantinastudio']",[],[],[],[],[]
302,0x42350586849dd894818f45d62ae934cee48d2139,[],FORESTER,[],[],[],[],[],[],[],[]
303,0x4262ad2f4c1c219d3ad4df45091296aebcc53cd7,[],Test DAO Liber,[],[],[],[],[],[],[],[]
304,0x42be1bc0e500954d17a44fc502a3c030a4ef155b,['https://t.me/joinchat/iRo11qq7BitjM2I1'],BSC Chinese Group DAO,[],[],[],[],[],[],[],[]
305,0x430932ba78d0755c500454a2c40a1535b5044422,[],Delta,[],[],[],[],[],[],[],[]
306,0x430a42a0fde792e1a93d1a7e6954d6181a9fe153,[],The Learning DAO,[],[],[],[],[],[],[],[]
307,0x437cc460cd3647567ce2371937d62807ad201933,[],BCF-DAOTest_xdai,[],[],[],[],[],[],[],[]
308,0x44ba514064d41239a0e4fc6e702bf1927d544121,[],The Unthinking Depths,[],[],[],[],[],[],[],[]
309,0x4538ba7381466d9491d351dd70370176f2c899ce,[],shulexDAO,[],[],[],[],[],[],[],[]
310,0x46369a53c234794c622d054777644f7a01504e49,[],Test Club 1,[],[],[],[],[],[],[],[]
311,0x485afaf2ffdb2a32a543b19e6fe3f34d078337ad,"['https://discord.gg/w85Hdf8FNA', 'https://discord.gg/w85Hdf8FNA']",Beyond,[],[],"['https://discord.gg/w85Hdf8FNA', 'https://discord.gg/w85Hdf8FNA']",[],[],[],[],[]
312,0x4878080b79b2d1b2085aafefbb2e7ab4283a8fcc,[],Lab89 DAO,[],[],[],[],[],[],[],[]
313,0x489e294c4ae5c444d5f55e9c0af07b95a048209a,[],ToD Beta,[],[],[],[],[],[],[],[]
314,0x48a6fb18d146ec5f95a0b80273b6523f3de7b737,[],PotionDAO,[],[],[],[],[],[],[],[]
315,0x48cf4a3c08603f196be531ee1558b6aa641733c7,"['https://discord.gg/BaB2zqymfw', 'https://twitter.com/@adbongogroupllc', 'https://medium.com/zero-waste-advocacy-iot', 'https://github.com/savedao/gh-pages', 'https://discord.gg/BaB2zqymfw', 'https://twitter.com/@adbongogroupllc']",Save Dao,"['https://twitter.com/@adbongogroupllc', 'https://twitter.com/@adbongogroupllc']",[],"['https://discord.gg/BaB2zqymfw', 'https://discord.gg/BaB2zqymfw']",['https://medium.com/zero-waste-advocacy-iot'],[],[],[],['https://github.com/savedao/gh-pages']
316,0x4905f816011a92fa69ed473ed2e245531adc954c,[],TestDao2,[],[],[],[],[],[],[],[]
317,0x49f24ae9ae93bb90a12a52f76379b2959492dee2,[],test109,[],[],[],[],[],[],[],[]
318,0x4a02c7aeb5e8774e3b0322f12967c24fde4b20dd,['https://t.me/sinuinu'],Sinu INU,[],[],[],[],[],[],[],[]
319,0x4ab69b283466b3a9cfc51ca0c460511669ff6ab7,"['https://discord.gg/6Mv3hXDVq6', 'https://discord.gg/6Mv3hXDVq6']",Delphi DAO,[],[],"['https://discord.gg/6Mv3hXDVq6', 'https://discord.gg/6Mv3hXDVq6']",[],[],[],[],[]
320,0x4ad86d0ce2dd135be80d37f159555a165c5af7f8,[],Master Invesment DAO,[],[],[],[],[],[],[],[]
321,0x4b0e53f0e7af7e478c118060566a48e08fa4b0e0,[],bbDAO,[],[],[],[],[],[],[],[]
322,0x4c072468bb714453c9c98f37fa6349241ce192e1,[],OpenCurrntDAO,[],[],[],[],[],[],[],[]
323,0x4c45a90e96bd80e38c9e8ce409251a809e9a0dc9,[],Rage Quit,[],[],[],[],[],[],[],[]
324,0x4c7b7c8090bde17a90dfcd4cb1240e11e448b030,[],test1,[],[],[],[],[],[],[],[]
325,0x4d118b31f1e1b906d942d15b2dd2ac5d3e090cb3,[],DAOhaus Education DAO,[],[],[],[],[],[],[],[]
326,0x4dba5b5ae55a85e0be05d44b4a512f450f240630,[],The Basement,[],[],[],[],[],[],[],[]
327,0x4df0e5ea2ed9c4be406b0ae437fce7d31b519270,"['https://twitter.com/@sunnyroger233', 'https://twitter.com/@sunnyroger233']",ÁãÇÂ∞èÊù∞ÁöÑFans,"['https://twitter.com/@sunnyroger233', 'https://twitter.com/@sunnyroger233']",[],[],[],[],[],[],[]
328,0x4e77a9d5d05a996435e648995fef0dbd48cc154e,[],RoDAO,[],[],[],[],[],[],[],[]
329,0x4eaa047848d5632720b94dbe8d977820a03f8907,[],Healer's Guild,[],[],[],[],[],[],[],[]
330,0x5054b0da00d460edeaff0b9876613b98f21bf993,[],Neocity Network,[],[],[],[],[],[],[],[]
331,0x50ea86970fd1a7c1dea3ec7239c73dbe14c1b729,"['https://nodestar.net/', 'https://discord.gg/gfmhvUYHVp', 'https://t.me/nodestardao', 'https://twitter.com/@nodestardao', 'https://medium.com/nodestar', 'https://discord.gg/gfmhvUYHVp', 'https://twitter.com/@nodestardao']",NODE STAR DAO ‚úß SPD1,"['https://twitter.com/@nodestardao', 'https://twitter.com/@nodestardao']",[],"['https://discord.gg/gfmhvUYHVp', 'https://discord.gg/gfmhvUYHVp']",['https://medium.com/nodestar'],[],[],[],[]
332,0x519be440aba3d12911293e34e10fa12117adba3c,[],MetaBerkshire v2,[],[],[],[],[],[],[],[]
333,0x5306709422daa21ad76f04a5fa13b6a2e38781d9,"['https://twitter.com/@noob_dao', 'https://twitter.com/@noob_dao']",NoobDAO,"['https://twitter.com/@noob_dao', 'https://twitter.com/@noob_dao']",[],[],[],[],[],[],[]
334,0x531982a20aa34f04fdb7ebb39da59895491c410f,[],BCFTest,[],[],[],[],[],[],[],[]
335,0x54311a1fac8ded7046f1bbb5e517cc701913441d,[],dtolsen uber test 1,[],[],[],[],[],[],[],[]
336,0x54602d9e90f05da6d78583d3c6eba41f2b7f2886,"['https://discord.gg/erer', 'https://twitter.com/er', 'https://discord.gg/erer', 'https://twitter.com/er']",gre,"['https://twitter.com/er', 'https://twitter.com/er']",[],"['https://discord.gg/erer', 'https://discord.gg/erer']",[],[],[],[],[]
337,0x5487bf5c7c9aec92c12be8083e5c6f364c5017c8,['https://planetarium.life/'],Planetaria-test,[],[],[],[],[],[],[],[]
338,0x54ba4208a807e74be5d922a19416e5d060de3c87,[],ZootedlabelDao,[],[],[],[],[],[],[],[]
339,0x5541fa59a2cf3f19db017ec714a77087d6a55c96,[],The Island,[],[],[],[],[],[],[],[]
340,0x5549942b95d8b753d25365c3ecaf302a762224ca,[],OUTPUT DAO,[],[],[],[],[],[],[],[]
341,0x55b08c0fd2f2df2ac898ccf978501646897c16f1,[],Sardius Cooperative,[],[],[],[],[],[],[],[]
342,0x5601fe915d2ebf4cee9292ef3ba0792747e5c6e8,[],Dao,[],[],[],[],[],[],[],[]
343,0x5662625bf05676b944bc07571d8a9a0f6c23cedc,[],TestDAO,[],[],[],[],[],[],[],[]
344,0x566a77d245e8576aefea5995e37a9442485a33a2,[],Doug+Lauren DAO 2,[],[],[],[],[],[],[],[]
345,0x5787154b72f66c20a011751f3dadd452b6d982da,[],Ê≥¢Âä®,[],[],[],[],[],[],[],[]
346,0x57fe52978932feca6cb733a31b94e8d7dde40320,[],CCO Zap Tester 3000,[],[],[],[],[],[],[],[]
347,0x5801a03bbade56065389fa9f272b5e7f90ba3675,[],FRICA,[],[],[],[],[],[],[],[]
348,0x5872b80e5065e25bf5fa92ad2e1418742065f4e2,[],Haus DAOplomats,[],[],[],[],[],[],[],[]
349,0x58c34393c225d25893c692b4a4aef4f5ffb25aa9,[],„Åä„Çå„Åä„Çå,[],[],[],[],[],[],[],[]
350,0x59ca7d87e8ddf977ab5801675e88081af741146a,[],myLittleDAO,[],[],[],[],[],[],[],[]
351,0x5a0af7e7f10012138e97c6fa5261645814e55371,[],Test-GNO-2,[],[],[],[],[],[],[],[]
352,0x5a4fa47e32c7114ef9da31fe2f69d21a85d1d3fc,[],DT1,[],[],[],[],[],[],[],[]
353,0x5a81e684beb1f8551c5a781112385216049d7070,[],RabbitHoleDao,[],[],[],[],[],[],[],[]
354,0x5b1ff40980c3c3e2f7583699ebae08be1209f0de,"['https://t.me/heeps;//t.me/shimaxiaohuaa', 'https://twitter.com/@shimaxiaohuaa', 'https://medium.com/heeps;//medium/maqiangbo', 'https://twitter.com/@shimaxiaohuaa']",Qmamaqaingbo,"['https://twitter.com/@shimaxiaohuaa', 'https://twitter.com/@shimaxiaohuaa']",[],[],['https://medium.com/heeps;//medium/maqiangbo'],[],[],[],[]
355,0x5b3ada22c55eb88f87a3fd2b82318fa66dd9be51,"['https://twitter.com/@groundw3rk', 'https://twitter.com/@groundw3rk']",groundw3rk,"['https://twitter.com/@groundw3rk', 'https://twitter.com/@groundw3rk']",[],[],[],[],[],[],[]
356,0x5b8987bde1a6f4afe0f036e86cb3ecf443b6c28e,"['https://fn_tokens.godaddysites.com/', 'https://t.me/fntoken', 'https://twitter.com/https://TWITTER.COM/FN_TOKENS', 'https://fn_tokens.godaddysites.com/', 'https://twitter.com/https://TWITTER.COM/FN_TOKENS']",MULTIVERSE,"['https://twitter.com/https://TWITTER.COM/FN_TOKENS', 'https://twitter.com/https://TWITTER.COM/FN_TOKENS']",[],[],[],[],[],[],[]
357,0x5bcd6054221a084deee6f8d74106fa1d1d84935f,['https://younf.com/'],YounfDAO,[],[],[],[],[],[],[],[]
358,0x5ca8615d4a8fa3751f660b3fd9f03574fb6defc2,[],tao,[],[],[],[],[],[],[],[]
359,0x5d49031edb30899eb0cc3da81a474a62779cbf2d,"['https://discord.gg/HeJw3F6g5S', 'https://discord.gg/HeJw3F6g5S']",Crypto Campfire,[],[],"['https://discord.gg/HeJw3F6g5S', 'https://discord.gg/HeJw3F6g5S']",[],[],[],[],[]
360,0x5dbdf2e608e9a4946ce58c7015b274910bcf1651,[],Klondike Survivors,[],[],[],[],[],[],[],[]
361,0x5e24126f03e6003d039794738b445e2206a70a38,[],Play DAO,[],[],[],[],[],[],[],[]
362,0x5e55e67db7eb3847d045541143d9a119e29b651b,[],Eugene Haus,[],[],[],[],[],[],[],[]
363,0x5f6f639d269da515f4ee63bf3dfe878f8aa7036a,[],Daohaus_billionaire_Dao,[],[],[],[],[],[],[],[]
364,0x5fa331ca1d59c9d39032c6d7843e74cdd7c625ca,[],Rangers Ho! 2,[],[],[],[],[],[],[],[]
365,0x6015b7153da28a02106181a84583c58eb7b81a3b,"['https://www.strangeloopcanon.com/', 'https://twitter.com/krishnanrohit', 'https://twitter.com/krishnanrohit']",First Loop,"['https://twitter.com/krishnanrohit', 'https://twitter.com/krishnanrohit']",[],[],[],[],[],[],[]
366,0x60b6ae29c7d7324d349c9ca1cb8123d19cf976f2,[],test dao #1 cc,[],[],[],[],[],[],[],[]
367,0x60c458b8eb312ac59dfbaad7524a74a43ff5a224,[],testDAO,[],[],[],[],[],[],[],[]
368,0x6105eef7bd774ff14eb8bdeb84886a30c85bc283,[],CGStudio,[],[],[],[],[],[],[],[]
369,0x610e7ecfa646bedf0023c66204a7e372892f0b9c,[],testEVER,[],[],[],[],[],[],[],[]
370,0x6127ced87c4c098d3c8f803b5d06c57d972f7e7f,[],Urza HD,[],[],[],[],[],[],[],[]
371,0x61e18cc8f91ec1983a738048732c13953597a3a4,[],Test DAO,[],[],[],[],[],[],[],[]
372,0x62a24571cc7379b37420bd3d9e92b3e8eebe5cba,[],testdao123,[],[],[],[],[],[],[],[]
373,0x62dbf23cad17090edc59cf7ddca06c96fefabfc7,[],Delete This DAO,[],[],[],[],[],[],[],[]
374,0x63a553d40ffc8ed105bf5dc7945fe826ca649e31,[],Earth Tribe DAO,[],[],[],[],[],[],[],[]
375,0x63ad8a5e0d4078b6c23f1e8c276c4016bc284c89,[],ImpactWork,[],[],[],[],[],[],[],[]
376,0x6487a68e8db445adb9097914a9698628f00579da,[],VikingoDAO,[],[],[],[],[],[],[],[]
377,0x64a47effdbc364b1e50ed7aacd38855a083f30c0,[],Small Fish Fund,[],[],[],[],[],[],[],[]
378,0x64d21b4fe5e98828115dd77ec7b9822007350983,[],Rose slogan in DAO,[],[],[],[],[],[],[],[]
379,0x64ebccb66df14abbf7cee412e10b94076fb8e055,[],Harberger DAO game,[],[],[],[],[],[],[],[]
380,0x652c2c9ca5b1a6d9c76fe1ae384e04ebc4757671,[],ThrillerDAO,[],[],[],[],[],[],[],[]
381,0x666cb098eba08b1d3dc84c69484b954333a8b586,"['https://www.nftsdao.com/', 'https://twitter.com/@NFTsDAO', 'https://twitter.com/@NFTsDAO']",NFTsDAO,"['https://twitter.com/@NFTsDAO', 'https://twitter.com/@NFTsDAO']",[],[],[],[],[],[],[]
382,0x669c7bd0628a3d1dde519203ae5c39e1a0848560,[],otter DAO,[],[],[],[],[],[],[],[]
383,0x68271f8a2e7373460de77a430c530d06b6ddab7c,[],LPUB,[],[],[],[],[],[],[],[]
384,0x689c57bfa11bda0873bdd94c799634261ce56b05,['https://www.learningeconomy.io/'],Super Skills League,[],[],[],[],[],[],[],[]
385,0x68f3af0f1c18f0bea536a383a98de3ec85e40d77,[],Mantis,[],[],[],[],[],[],[],[]
386,0x69bb24d3a96f7b38b9bc8f590103577c07000c78,"['https://t.me/billtheinvestor_chat', 'https://twitter.com/@billtheinvestor', 'https://twitter.com/@billtheinvestor']",DeGenÂü∫Èáë,"['https://twitter.com/@billtheinvestor', 'https://twitter.com/@billtheinvestor']",[],[],[],[],[],[],[]
387,0x6b5a28697e7480e7590867a903c291ba8884c2ea,"['https://www.artchops.gg/', 'https://discord.gg/A7gBpZ5', 'https://t.me/artchops', 'https://twitter.com/artchops', 'https://discord.gg/A7gBpZ5', 'https://twitter.com/artchops']",Art Chops DAO,"['https://twitter.com/artchops', 'https://twitter.com/artchops']",[],"['https://discord.gg/A7gBpZ5', 'https://discord.gg/A7gBpZ5']",[],[],[],[],[]
388,0x6c1e9514158b3226af975b9da4a46f6be0af107e,[],Test DAO,[],[],[],[],[],[],[],[]
389,0x6c7fa9dc03e5bd452ccce30cbf176287616c3cac,[],Test DAO,[],[],[],[],[],[],[],[]
390,0x6d2ef5351e04091b3bec4751c3e6ac60abeaefea,[],MeowMeowDAO,[],[],[],[],[],[],[],[]
391,0x6d2f5532f0f6985c47c8acdc22aeb5dc4f1c3fee,[],DT3,[],[],[],[],[],[],[],[]
392,0x6d76cf4c5e7dcb90efdaeb8d142d6e8d320514aa,[],cute quirky dao,[],[],[],[],[],[],[],[]
393,0x6e68ad74646b83f1764b2d98c76a25db66f6b168,[],The Kvalifik Collective 3.0,[],[],[],[],[],[],[],[]
394,0x6e6f2cbb2986aa94f2f8beac0e585a7103acf27b,[],Hegic Distribution DAO (Epoch I) HD,[],[],[],[],[],[],[],[]
395,0x70a9363b9dc60b90e5ff268ce1eeeffef56e742e,[],theresa1sttime4everything,[],[],[],[],[],[],[],[]
396,0x70f6bc08e13c4c32612e02b052b1ba6acd81a2ef,[],Hong Kong Creators Foundation,[],[],[],[],[],[],[],[]
397,0x7198e4e67b3fb96c4c345caa5b7ad49af49bba1f,"['https://fantome.xyz/', 'https://discord.gg/jg77zExCf4', 'https://twitter.com/@fantomecollective', 'https://app.skiff.org/docs/20308261-c855-4513-9914-42298763850b#zu6X/8w+u7cbdvklNt465yrNQqe9Ku9zmzcSczw5Juk=', 'https://discord.gg/jg77zExCf4', 'https://twitter.com/@fantomecollective']",The Fant√¥me Collective,"['https://twitter.com/@fantomecollective', 'https://twitter.com/@fantomecollective']",[],"['https://discord.gg/jg77zExCf4', 'https://discord.gg/jg77zExCf4']",[],['https://app.skiff.org/docs/20308261-c855-4513-9914-42298763850b#zu6X/8w+u7cbdvklNt465yrNQqe9Ku9zmzcSczw5Juk='],[],[],[]
398,0x719b0cbbf438482ef2c240bce491119d6e6689aa,[],Czech DAO,[],[],[],[],[],[],[],[]
399,0x71be6330c144fee0163c794552c2530a1d5f26e5,[],STAN,[],[],[],[],[],[],[],[]
400,0x7262862a76956f39943098303f196ebd7e77c1a8,[],NOTAREALTOKEN,[],[],[],[],[],[],[],[]
401,0x72ab861762bf2f44a7ea52cba50574617146140f,[],tonykk,[],[],[],[],[],[],[],[]
402,0x73b2c241c4146f7208ae98e91bb9a24d0a14d1b6,[],NFTHunter,[],[],[],[],[],[],[],[]
403,0x73d4ac4dd040e07d5d0df559b92758f27755e618,[],expired,[],[],[],[],[],[],[],[]
404,0x7405db95bf347a2e1d079c761cf2ff038c2904a1,[],CATDAO,[],[],[],[],[],[],[],[]
405,0x7426c740b3611f471dadda78004d3efd19cf2cfd,"['https://creativeplatform.io/', 'https://discord.gg/daScwB5K', 'https://t.me/+RQ-p_QD7XIA2gDYO', 'https://twitter.com/@creativecrtv', 'https://discord.gg/daScwB5K', 'https://twitter.com/@creativecrtv']",Creative Organization DAO Embassy,"['https://twitter.com/@creativecrtv', 'https://twitter.com/@creativecrtv']",[],"['https://discord.gg/daScwB5K', 'https://discord.gg/daScwB5K']",[],[],[],[],[]
406,0x743d311359ad9bedac977e8cc93746eaa4ff8ba2,"['https://discord.gg/qYsK9eXwsz', 'https://discord.gg/qYsK9eXwsz']",RigorDAO,[],[],"['https://discord.gg/qYsK9eXwsz', 'https://discord.gg/qYsK9eXwsz']",[],[],[],[],[]
407,0x7448d0661ba886b317ef1cb253be9669fd3b9fbf,[],Bili Dao,[],[],[],[],[],[],[],[]
408,0x747d2004d8e21dbf7af961462b1b3922a95ee35d,[],therevolution,[],[],[],[],[],[],[],[]
409,0x752f8a8184f0ba803d3e3897ffb223d5cf78ccc5,[],testpower,[],[],[],[],[],[],[],[]
410,0x758fe977af1895166422210797f7b77072874195,[],War Chest Trust for Crypto Nationals in Peril,[],[],[],[],[],[],[],[]
411,0x75ad15cea84876697972cc4a39f2c624d4346a5c,[],DAOsand and one night quadrat,[],[],[],[],[],[],[],[]
412,0x75e3a548212dbaf5a58ea1206fea1b0844ac5497,[],MK test DAO,[],[],[],[],[],[],[],[]
413,0x75f74a302dbb42b4ba944f0cb8ff2b797fa52537,"['https://www.artchops.gg/', 'https://discord.gg/A7gBpZ5', 'https://t.me/artchops', 'https://twitter.com/artchops', 'https://discord.gg/A7gBpZ5', 'https://twitter.com/artchops']",Art Chops DAO,"['https://twitter.com/artchops', 'https://twitter.com/artchops']",[],"['https://discord.gg/A7gBpZ5', 'https://discord.gg/A7gBpZ5']",[],[],[],[],[]
414,0x775a7bc3c3217f90c4092842c642a7fa9fb666b7,[],EuroDAO,[],[],[],[],[],[],[],[]
415,0x795cc4e3f97bdafee334426df70240dd9d23e429,['https://daoeducation.github.io/randddaoe/'],Prueba I+DAO,[],[],[],[],[],[],[],['https://daoeducation.github.io/randddaoe/']
416,0x798fbae9cbdb9eeddc5753d617e4cb08130700e8,[],WGMI Test,[],[],[],[],[],[],[],[]
417,0x7ab083d6ce0580ccc5bc62611dcc125b463da7dd,[],pooptest,[],[],[],[],[],[],[],[]
418,0x7ab7929d731db421430400e6e66373b10f688736,[],Degen Kings Test,[],[],[],[],[],[],[],[]
419,0x7afb683f0a546952abafb31d58578fb65773dd02,[],Sonic the Hedge Fund,[],[],[],[],[],[],[],[]
420,0x7afb802631b1cf22010e18c70a193e909f94fd85,[],RG Origin Stories RIP Party,[],[],[],[],[],[],[],[]
421,0x7beec7b174a6577a0fbe690dfb0e1b3cb376e6d0,[],dsad,[],[],[],[],[],[],[],[]
422,0x7bf0b16a402ef392e87948deb5ae5a88ad749107,"['https://twitter.com/BCD_daw', 'https://twitter.com/BCD_daw']",DAWdao,"['https://twitter.com/BCD_daw', 'https://twitter.com/BCD_daw']",[],[],[],[],[],[],[]
423,0x7cbe833ccfa5e71923a20468e70ff3a5fc43edaf,[],TEST-3,[],[],[],[],[],[],[],[]
424,0x7d776770dc8b2c3002c33880b7fcff1d8aad792c,[],obsolete dao,[],[],[],[],[],[],[],[]
425,0x7e9b7f9add736de05f228c41b8cee32ee6671e8f,"['https://twitter.com/@haner87461456', 'https://twitter.com/@haner87461456']",KEAIDUOdian,"['https://twitter.com/@haner87461456', 'https://twitter.com/@haner87461456']",[],[],[],[],[],[],[]
426,0x7ecf21ced63e7febff789c900b17dadfbfa7d47a,"['https://twitter.com/@laopaoeth', 'https://twitter.com/@laopaoeth']",laopao.eth,"['https://twitter.com/@laopaoeth', 'https://twitter.com/@laopaoeth']",[],[],[],[],[],[],[]
427,0x8133c4958576b0dfd06e5cdea73118ce3ca849e0,[],XDAI BUDOKAI,[],[],[],[],[],[],[],[]
428,0x836405f547a8d30154ca1d600e172f6473399b18,[],chenmayson,[],[],[],[],[],[],[],[]
429,0x83945cefde7ad83b8499a5b855724ee19524d4e9,['https://phantomus.com/'],Metaphorm Test,[],[],[],[],[],[],[],[]
430,0x83ff2eb458215d3f3a05938fd11fd21a6a949f9f,"['https://discord.gg/RpGk7XwW', 'https://t.me/cm_DAO', 'https://twitter.com/@cm_DAO', 'https://medium.com/https://cmdaomedium.com/', 'https://discord.gg/RpGk7XwW', 'https://twitter.com/@cm_DAO']",cmDAO,"['https://twitter.com/@cm_DAO', 'https://twitter.com/@cm_DAO']",[],"['https://discord.gg/RpGk7XwW', 'https://discord.gg/RpGk7XwW']",['https://medium.com/https://cmdaomedium.com/'],[],[],[],[]
431,0x84be703b54909c15eb92dbe129f45ef308401e10,"['https://hackmd.io/@Dekan/SyqiL4LqY', 'https://discord.gg/KTUppJFj', 'https://github.com/HausDAO/Moloch2.5', 'https://discord.gg/KTUppJFj']",üëÖ The Yeeter,[],[],"['https://discord.gg/KTUppJFj', 'https://discord.gg/KTUppJFj']",[],[],[],[],['https://github.com/HausDAO/Moloch2.5']
432,0x86972efab5ab04818e3c24703a5fa8b207f279f8,[],Cronos Racer,[],[],[],[],[],[],[],[]
433,0x86c8e7332e6f0431971283f21cec296d6fae48b8,[],The Federation vs. The Molochian AI,[],[],[],[],[],[],[],[]
434,0x88d069618ba1449b8f738c60cfbe3b97c34a95fc,[],A&M DAO,[],[],[],[],[],[],[],[]
435,0x89cc301d9b9c352b0b5ca1ad61a8de886c64520e,[],DAOhaus Education DAO,[],[],[],[],[],[],[],[]
436,0x89d7cf377a5374b0f1532e5aa42b486586acf1bc,[],Thought DAO,[],[],[],[],[],[],[],[]
437,0x8a0d52375ee6a970e7bf8902e9649d8addc4c9c1,[],wadsa,[],[],[],[],[],[],[],[]
438,0x8a2473c3e2f0a52f910cf51ce9c57859a80f3d0a,[],Raid Guild Season 4,[],[],[],[],[],[],[],[]
439,0x8ade7437c2c4b3f58dbbb4997dddec27f1f4fce5,"['https://www.the-collective-dao.com/', 'https://twitter.com/@collective_dao', 'https://twitter.com/@collective_dao']",The Collective DAO,"['https://twitter.com/@collective_dao', 'https://twitter.com/@collective_dao']",[],[],[],[],[],[],[]
440,0x8b0283ac9e5bc6bfe63bc9960f6fcfe3711fbfaf,[],GnDAO,[],[],[],[],[],[],[],[]
441,0x8b56035df3778f86d3e1ebaefa79fb0d2afc5276,[],Camp DAO,[],[],[],[],[],[],[],[]
442,0x8b63d6452282199485f47fc873cc3a141fb1419f,[],steep DAO,[],[],[],[],[],[],[],[]
443,0x8c06bb5f8381c21c32e6b3aad245c6427fd0dc04,[],Test,[],[],[],[],[],[],[],[]
444,0x8e3323beb4b501088339605bc86f4e050ed476bc,[],Concertmate,[],[],[],[],[],[],[],[]
445,0x8f5e9966710c9c8c305fd5d399d53441e18e2cc2,[],qhjm3612,[],[],[],[],[],[],[],[]
446,0x8f6d7441b8cc8c46da27bea2dec7a08e673be1e6,[],Peerion STAKE Validator Pool v2,[],[],[],[],[],[],[],[]
447,0x8febe2bf141780189af57ea9d75b0e91859e3535,[],Mystic Whales,[],[],[],[],[],[],[],[]
448,0x91204e36ddea568f162f45bd45dfe41c363da843,[],Holley Farms,[],[],[],[],[],[],[],[]
449,0x923c04420b567152c8218616e990e242fa8b2764,[],Marketing DAO HD,[],[],[],[],[],[],[],[]
450,0x92b6027639e6ac89af823edb78ea3d8eaaca09b8,"['https://bloxl.co/', 'https://discord.gg/invite/jjBERNFFjN', 'https://t.me/+IZcL_8nlkXpmNjcx', 'https://twitter.com/@cheerbotme', 'https://discord.gg/invite/jjBERNFFjN', 'https://twitter.com/@cheerbotme']",CheerMatrix,"['https://twitter.com/@cheerbotme', 'https://twitter.com/@cheerbotme']",[],"['https://discord.gg/invite/jjBERNFFjN', 'https://discord.gg/invite/jjBERNFFjN']",[],[],[],[],[]
451,0x9320ea0e46c603ec0655c5c7c78ae2cea179b901,[],DAOstillery,[],[],[],[],[],[],[],[]
452,0x93219679942a102114f3d340969bb2eab464bb52,[],Disperse Boost Test,[],[],[],[],[],[],[],[]
453,0x937b0d27bdf7af47835d6f30311c1139c45ad144,[],Gnosis Test,[],[],[],[],[],[],[],[]
454,0x9404fc29ac6fce80b84ab12c7404d3862bb7bb15,[],More Junk v2,[],[],[],[],[],[],[],[]
455,0x953403b0ebf289adc5e8ea7d6ba987029b29d9bf,[],DAOponics,[],[],[],[],[],[],[],[]
456,0x96e85d874fc04854a3993d50c5fa5722c621a410,['https://phantomus.com/'],MPxDAO,[],[],[],[],[],[],[],[]
457,0x986b49bb5d8a536b4f4f0c6dbdb51cffc910a310,"['https://www.facebook.com/profile.php?id=100067092872833', 'https://discord.gg/JPEgZmgW', 'https://discord.gg/JPEgZmgW']",Fractal Forge,[],[],"['https://discord.gg/JPEgZmgW', 'https://discord.gg/JPEgZmgW']",[],[],[],[],[]
458,0x988f6a14100b4877986c4154dc50bb926f31a0d1,[],CR7,[],[],[],[],[],[],[],[]
459,0x9921277732ea9bbd08c2385afa44aa5d178fdb65,['https://planetarium.life/'],DEPRECATED,[],[],[],[],[],[],[],[]
460,0x992a0183d69f870a809384c3068dc6ede4de7a55,[],LZT,[],[],[],[],[],[],[],[]
461,0x9965224ddb9ad189be0276a2238b36dcf11f911e,[],xuxia,[],[],[],[],[],[],[],[]
462,0x99996a032398bbf1a4f462ba522dc3539aa56498,[],Test Dao,[],[],[],[],[],[],[],[]
463,0x99d707835441241fd8bc6be1e0270cce99b244d6,[],testing,[],[],[],[],[],[],[],[]
464,0x9ac1091bfd4fd1e93dd2e758db9f81c4890e6cbf,[],DevRel@DAOhaus,[],[],[],[],[],[],[],[]
465,0x9b4a79f89d0979e755f8b4ffc4ff2f9e16e6a917,[],DAO Ranch,[],[],[],[],[],[],[],[]
466,0x9b4fbf87ae3256613a64bb35f07c88e62059e81f,[],null,[],[],[],[],[],[],[],[]
467,0x9d3005f703cc0e465bfc7eb08a0fa290b48fa51d,[],Experimental Garden Group,[],[],[],[],[],[],[],[]
468,0x9d62173cba4930543c763a195addd34b97f6f4f3,"['https://discord.gg/tzR2kG7e', 'https://t.me/https://twitter.com/xdzeth', 'https://twitter.com/@xdzeth', 'https://discord.gg/tzR2kG7e', 'https://twitter.com/@xdzeth']",Dz friends game,"['https://t.me/https://twitter.com/xdzeth', 'https://twitter.com/@xdzeth', 'https://twitter.com/@xdzeth']",[],"['https://discord.gg/tzR2kG7e', 'https://discord.gg/tzR2kG7e']",[],[],[],[],[]
469,0x9e2fa81c92dc70947430630b6cfb11a20013076e,['https://www.lalena.co/'],LGSN - Staging,[],[],[],[],[],[],[],[]
470,0x9ebbeb9bcb7d28eb87dc8c758201eb9c273421be,[],PRIMENUM_CLUB,[],[],[],[],[],[],[],[]
471,0x9edf0b0943b38244356c8e941270d322b751a0ef,"['https://discord.gg/hKwPt3s9ye', 'https://twitter.com/syrian_greek', 'https://discord.gg/hKwPt3s9ye', 'https://twitter.com/syrian_greek']",SGYF DAO,"['https://twitter.com/syrian_greek', 'https://twitter.com/syrian_greek']",[],"['https://discord.gg/hKwPt3s9ye', 'https://discord.gg/hKwPt3s9ye']",[],[],[],[],[]
472,0x9f08cc79978b1a17fd11216c082d5156547d2a41,[],bob is your uncle,[],[],[],[],[],[],[],[]
473,0x9fac1789a7e54452785b18d52dce1044c3900792,"['https://discord.gg/pX7K3SUe', 'https://discord.gg/pX7K3SUe']",bitark Dao,[],[],"['https://discord.gg/pX7K3SUe', 'https://discord.gg/pX7K3SUe']",[],[],[],[],[]
474,0xa0fe40965ea5adac397838ac57fd08287e5eebcd,[],defunct,[],[],[],[],[],[],[],[]
475,0xa17403ce44bbbcd8c9acff3f9dd99ccc94e57ffc,[],YEET 1,[],[],[],[],[],[],[],[]
476,0xa1c1ea82eea7f149b6acc5c39e566eeb87c6a448,[],G Test 2021,[],[],[],[],[],[],[],[]
477,0xa1e44b48a44dcc52256e5ccabab431612b4eb2b2,[],DAODAO,[],[],[],[],[],[],[],[]
478,0xa2564f3fe90abbc3e861311a8e629157534e8d21,"['https://twitter.com/@web3summit.xyz', 'https://twitter.com/@web3summit.xyz']",wagma_DAO_h,"['https://twitter.com/@web3summit.xyz', 'https://twitter.com/@web3summit.xyz']",[],[],[],[],[],[],[]
479,0xa261a3e6087f00217ce112f710f227e30f5bbdaf,[],web3eduDAO,[],[],[],[],[],[],[],[]
480,0xa2752f907a5ed9b3453840768ad50c3727d4b3e3,[],CannaClub,[],[],[],[],[],[],[],[]
481,0xa2c397bc81892b586c157f1546f57ef604da0b27,[],Carabela 2.0,[],[],[],[],[],[],[],[]
482,0xa3120fab10e6158da21fbf34be9ec133a0eb6d6c,[],Tools for the Regenerative Renaissance #2,[],[],[],[],[],[],[],[]
483,0xa3b9f565f029e99f904f511a4c5641015e84525e,[],FerengiDAO,[],[],[],[],[],[],[],[]
484,0xa440bc388d02ffb56c76582ccf3bda4bd6386370,"['https://discord.gg/saFxp6Qpmt', 'https://t.me/jeskei_studio', 'https://twitter.com/Jeskei_studio', 'https://medium.com/jeskei', 'https://discord.gg/saFxp6Qpmt', 'https://twitter.com/Jeskei_studio']",Jeskei,"['https://twitter.com/Jeskei_studio', 'https://twitter.com/Jeskei_studio']",[],"['https://discord.gg/saFxp6Qpmt', 'https://discord.gg/saFxp6Qpmt']",['https://medium.com/jeskei'],[],[],[],[]
485,0xa466d5990e8e3bfe7c30d5505bc859f62aca972c,[],Machi X DAO HD,[],[],[],[],[],[],[],[]
486,0xa496f91a1cbfd652c2306256c5ae728e0a821b24,"['https://discord.gg/https://discord.com/invite/V4M4h5EX', 'https://twitter.com/DAOSquare', 'https://discord.gg/https://discord.com/invite/V4M4h5EX', 'https://twitter.com/DAOSquare']",xDAI test,"['https://twitter.com/DAOSquare', 'https://twitter.com/DAOSquare']",[],"['https://discord.gg/https://discord.com/invite/V4M4h5EX', 'https://discord.gg/https://discord.com/invite/V4M4h5EX']",[],[],[],[],[]
487,0xa550f5aadfaf72bd3884a29c2111a09518b5f7de,[],'lil tester that could v3,[],[],[],[],[],[],[],[]
488,0xa5b502eb6c42fe40242ed36d9a50a7374417449d,[],Society of Champs,[],[],[],[],[],[],[],[]
489,0xa60eb13ecf03c161f1a4641b479159463363c738,"['https://questchain.xyz/', 'https://discord.gg/sjnh6cuVcN', 'https://twitter.com/@questchainz', 'https://discord.gg/sjnh6cuVcN', 'https://twitter.com/@questchainz']",Quest Chains DAO,"['https://twitter.com/@questchainz', 'https://twitter.com/@questchainz']",[],"['https://discord.gg/sjnh6cuVcN', 'https://discord.gg/sjnh6cuVcN']",[],[],[],[],[]
490,0xa642a3cf7066a62a383251d1766bcf2966108c62,[],a DAO,[],[],[],[],[],[],[],[]
491,0xa69d28c90bf328f08655fc82162421c8e682c58c,[],Sirius Cybernetics Corporation,[],[],[],[],[],[],[],[]
492,0xa6e5acaf6dcda0a0b12ad0c0258713c8e0cfb709,[],Jenga DAO,[],[],[],[],[],[],[],[]
493,0xa818925b9ef44c3545fca833131fce82d0fb04e5,[],Travel3,[],[],[],[],[],[],[],[]
494,0xa90c436ed73ccf7500fb72e81939033ec1c5e584,[],Stolons,[],[],[],[],[],[],[],[]
495,0xa90e623c7c6b050ba563e81707bc0f3759ae3f1a,"['http://maxos.ai/', 'https://discord.gg/fFjCZFm8Q4', 'https://twitter.com/@maxos_chain', 'https://medium.com/https://andysingleton.medium.com/', 'https://discord.gg/fFjCZFm8Q4', 'https://twitter.com/@maxos_chain']",LaunchPools Startup,"['https://twitter.com/@maxos_chain', 'https://twitter.com/@maxos_chain']",[],"['https://discord.gg/fFjCZFm8Q4', 'https://discord.gg/fFjCZFm8Q4']",['https://medium.com/https://andysingleton.medium.com/'],[],[],[],[]
496,0xa942290dcc94a6c099a3063190177f1a821f796d,[],GrokSpotDAO,[],[],[],[],[],[],[],[]
497,0xa963366acc40bbffa3b4091f7e12553dae8ffb86,[],DAP‚àèDAO,[],[],[],[],[],[],[],[]
498,0xa9790ba86246a662b34717c748fbfed03aa4bc70,[],Bob is your uncle 2,[],[],[],[],[],[],[],[]
499,0xa9d164b6b230e2c8c3b066c3312ae2a0a24c7e47,"['https://discord.gg/dYEtUkT5Nz', 'https://discord.gg/dYEtUkT5Nz']",comiDAO,[],[],"['https://discord.gg/dYEtUkT5Nz', 'https://discord.gg/dYEtUkT5Nz']",[],[],[],[],[]
500,0xaaaa9864ee3109cb79a645d020050f45af65aa87,[],Bau's Test DAO,[],[],[],[],[],[],[],[]
501,0xaafb027a785ddc745c1bb6c84ce1a15e04ed78ae,[],42 Club,[],[],[],[],[],[],[],[]
502,0xab229fa95b3115f23284a5e8956a92210ee5b419,[],HomeworkDAO,[],[],[],[],[],[],[],[]
503,0xacee5787140caf2f353d934bb5a97a15442f6e40,[],UndefinedValue,[],[],[],[],[],[],[],[]
504,0xacf10f7172e4918e908ba54c2eea56835d8b1f9d,"['https://xdai.colony.io/colony/ensinu', 'https://app.honeyswap.org/#/swap?inputCurrency=0x5e653c8d0103606c35cc1bb5559c80b84fdd6fbe&outputCurrency=0xe91d153e0b41518a2ce8dd3d7944fa863463a97d&chainId=100']",ENS Inu,[],[],[],[],[],[],[],[]
505,0xad4aa6cc3692a9b0cf8bc3bfb911bdc75fa3e8a7,[],Small Fish Fund,[],[],[],[],[],[],[],[]
506,0xad75f662af470136c2cebbac27195d71aa0c5d2e,[],yeni100colony,[],[],[],[],[],[],[],[]
507,0xada2cfd6d68e258adbf2d6e8e9e286c3c7d74fd9,[],MobiLive,[],[],[],[],[],[],[],[]
508,0xae873a8145552583a9a0d45898ae36056a4c0738,['https://t.me/joinchat/jrBXWNfVCxFlMzNh'],Crypto Brownsville,[],[],[],[],[],[],[],[]
509,0xae9efac85e1bf85301664d2eed78d653e1b316e5,[],All Things DAO,[],[],[],[],[],[],[],[]
510,0xaf4945f70fcdeaf95949acd51ffb57c881a7d9ef,[],KLONX survivors,[],[],[],[],[],[],[],[]
511,0xb029f67a447175f2bbda0060cafbab427ccc6f9f,"['https://www.the-collective-dao.com/', 'https://twitter.com/@collective_dao', 'https://twitter.com/@collective_dao']",The Collective DAO,"['https://twitter.com/@collective_dao', 'https://twitter.com/@collective_dao']",[],[],[],[],[],[],[]
512,0xb09b7ae810e1eec6b71d2d289041b01e0c1d0046,[],Forging DAO,[],[],[],[],[],[],[],[]
513,0xb0f250097be99fa68cefa55ccc1b2426b28d2e47,"['https://giv.farm/', 'https://discord.gg/Ccsea7UvaS', 'https://twitter.com/@deeayeen', 'https://giv.farm/', 'https://discord.gg/Ccsea7UvaS', 'https://twitter.com/@deeayeen']",GIV Vault,"['https://twitter.com/@deeayeen', 'https://twitter.com/@deeayeen']",[],"['https://discord.gg/Ccsea7UvaS', 'https://discord.gg/Ccsea7UvaS']",[],[],[],[],[]
514,0xb259505f75bfd58793464692a6ab7bc36656f2ae,[],FDAO,[],[],[],[],[],[],[],[]
515,0xb351e27bd8fb8129e8b613345e6cc633bbade004,[],seven helles,[],[],[],[],[],[],[],[]
516,0xb4a31b318b9443ac0292de777e9b40e686b1ff51,[],dtolsen xDai 01,[],[],[],[],[],[],[],[]
517,0xb4eb4891c77010497364eccada3a04cb4bedc13a,[],The Neo-Church of the NeoReligion Treasury and DAO,[],[],[],[],[],[],[],[]
518,0xb712bb7c0f3e12e597d3b2b11d5759e02129bbe1,[],Acetest101,[],[],[],[],[],[],[],[]
519,0xb71a679cfff330591d556c4b9f21c7739ca9590c,[],Test DAO,[],[],[],[],[],[],[],[]
520,0xb76d2b2acb8617f581d8389f8c69deadaad635c0,"['https://twitter.com/@baref00t', 'https://twitter.com/@baref00t']",baref00t,"['https://twitter.com/@baref00t', 'https://twitter.com/@baref00t']",[],[],[],[],[],[],[]
521,0xb7cfba94fc6dd0c3427b6a8ee842f935c670a929,[],SQX,[],[],[],[],[],[],[],[]
522,0xb84e9587b48faa76476d4c94b8f07c789af0c330,"['https://peerion.io/pools/pnt/', 'https://discord.gg/jFkBh3ZU4F', 'https://t.me/peerion', 'https://twitter.com/PeerionDAO', 'https://medium.com/peerion', 'https://discord.gg/jFkBh3ZU4F', 'https://twitter.com/PeerionDAO']",Peerion PNT Node Pool,"['https://twitter.com/PeerionDAO', 'https://twitter.com/PeerionDAO']",[],"['https://discord.gg/jFkBh3ZU4F', 'https://discord.gg/jFkBh3ZU4F']",['https://medium.com/peerion'],[],[],[],[]
523,0xb84ebd2033fc70930c4d32e69dd091ae197ed48f,[],Test DAO,[],[],[],[],[],[],[],[]
524,0xb8c81e9b07aa59fa0a93e1b45db375465c9b54a0,[],Null1,[],[],[],[],[],[],[],[]
525,0xb9704d4334be3fbd7e180938b9597886834b15a2,[],bitark,[],[],[],[],[],[],[],[]
526,0xb9980f36082e43af727d8e74050fb51e65210fae,[],Bad config,[],[],[],[],[],[],[],[]
527,0xb9d6a54ab897b1d5f069473f7e8fede3a9be35e9,"['https://www.shiftmarkets.com/', 'https://twitter.com/@shiftmarkets', 'https://twitter.com/@shiftmarkets']",Shift Markets,"['https://twitter.com/@shiftmarkets', 'https://twitter.com/@shiftmarkets']",[],[],[],[],[],[],[]
528,0xba4fbc3bb26b5dc187afcd94c40c471156c55bcd,[],ACE-DAO,[],[],[],[],[],[],[],[]
529,0xbc2354103491edd3ebb28de5cb7eec83138e3a8a,[],Unreal Life DAO,[],[],[],[],[],[],[],[]
530,0xbcc0f1616ea7f4b613612e2374f5f759e5bd76f7,[],MCON2 Raid Brood,[],[],[],[],[],[],[],[]
531,0xbe12074c4e800f467efe86f4763b503579d7a2e5,[],Lab.89,[],[],[],[],[],[],[],[]
532,0xbe25c72d9b20ba5210e1b4c4035fcdbf711162dd,[],DAOs UAH Group,[],[],[],[],[],[],[],[]
533,0xbe3399da1779565f849b83a2519c1bc24d9001f4,[],Homelessness Enders Game,[],[],[],[],[],[],[],[]
534,0xbe9066f6baf810c43b63c7a967cdf419cd9888d5,[],ColoraDAO,[],[],[],[],[],[],[],[]
535,0xbe99d03083a1847d960b85577abd1b87200186f8,[],Glitch DAO,[],[],[],[],[],[],[],[]
536,0xbe9c07c1a962f91b05536d6497368c0e263ac2d7,"['https://discord.gg/zAcpbj4r', 'https://twitter.com/laopaoeth', 'https://discord.gg/zAcpbj4r', 'https://twitter.com/laopaoeth']",laopao,"['https://twitter.com/laopaoeth', 'https://twitter.com/laopaoeth']",[],"['https://discord.gg/zAcpbj4r', 'https://discord.gg/zAcpbj4r']",[],[],[],[],[]
537,0xbf1b8ec8f89a21f2921e0ec55eb788aa46ea2551,['https://www.healthcarezeros.com/'],HeroDAO,[],[],[],[],[],[],[],[]
538,0xc0498003045cf87b602ff1577217059aae5ed710,[],null,[],[],[],[],[],[],[],[]
539,0xc2f69215f84d5700c59882997847086709900f22,"['https://www.fraktal.io/', 'https://discord.gg/2378rAGuAX', 'https://twitter.com/FraktalNFT', 'https://medium.com/https://blog.fraktal.io/', 'https://discord.gg/2378rAGuAX', 'https://twitter.com/FraktalNFT']",Fraktal DAO,"['https://twitter.com/FraktalNFT', 'https://twitter.com/FraktalNFT']",[],"['https://discord.gg/2378rAGuAX', 'https://discord.gg/2378rAGuAX']",['https://medium.com/https://blog.fraktal.io/'],[],[],[],[]
540,0xc3eb91f3efba8db5bcae1b2fd94d295c8f5a955a,"['https://discord.gg/tpnWxtHde7', 'https://discord.gg/tpnWxtHde7']",MetaGuides,[],[],"['https://discord.gg/tpnWxtHde7', 'https://discord.gg/tpnWxtHde7']",[],[],[],[],[]
541,0xc4124eb5e1bb9f8b834707755ea7f48ba96d9617,['https://github.com/ciudadex'],Ciudadex,[],[],[],[],[],[],[],['https://github.com/ciudadex']
542,0xc42b907c56fdbfdf5a5ed40d94b6d346383c6fc7,[],NYLS Workshop,[],[],[],[],[],[],[],[]
543,0xc50087312fdc29d5940107212dc9790ba7b5c8e8,[],YWLzy,[],[],[],[],[],[],[],[]
544,0xc5565e37a00aa380c7dd71c1a9cac109e11b2cae,['https://phantomus.com/'],Phantomus DAOx,[],[],[],[],[],[],[],[]
545,0xc62e8c6a1bcf026a139962a51b7daa79caaa9e1d,[],Marketing DAO HD - BAD CLONE,[],[],[],[],[],[],[],[]
546,0xc670ab0556e30a8c2e608f08316142ed86b4ab7b,"['https://www.notion.so/Kaizen-introduction-90578e5bc26a417492cd899a73778e98', 'https://twitter.com/@kaizengrow', 'https://twitter.com/@kaizengrow']",KAO,"['https://twitter.com/@kaizengrow', 'https://twitter.com/@kaizengrow']",[],[],[],[],[],[],[]
547,0xc6a9c1a2976f1048ebf953cd632a6c400744a760,['https://ooc.melbourne/'],OOC,[],[],[],[],[],[],[],[]
548,0xc6dd517a5d0e6c6962a8357ad47455c0f7b693bf,"['https://brood.raidguild.org/', 'https://discord.gg/jQamr9HBHq', 'https://twitter.com/RaidBrood', 'https://discord.gg/jQamr9HBHq', 'https://twitter.com/RaidBrood']",RaidBrood Beer DAO,"['https://twitter.com/RaidBrood', 'https://twitter.com/RaidBrood']",[],"['https://discord.gg/jQamr9HBHq', 'https://discord.gg/jQamr9HBHq']",[],[],[],[],[]
549,0xc82a878ab0fc9f9b24e3525328d8e38922a4bd40,[],Kessel Spice Arbitrage Guild,[],[],[],[],[],[],[],[]
550,0xc93b4831ae2c56649394a254ffc0fc45371f2d58,[],DM Working DAO,[],[],[],[],[],[],[],[]
551,0xc9bcae725e3b164785f6d4f5f6b0c5935e0e859f,[],Gnosis Chain (xDAi) Test,[],[],[],[],[],[],[],[]
552,0xca66442490d4ccd2f8b10221f359b57e4f061726,[],PipilaHaus,[],[],[],[],[],[],[],[]
553,0xcb4748e389a14ee7c674183a7a0f94a04ddd420f,[],HAUS Grant Seekers,[],[],[],[],[],[],[],[]
554,0xcb9d086ae28d72d85fa72730fccd597c6a4e5003,[],Test-DAO-1,[],[],[],[],[],[],[],[]
555,0xcc255d449bced2663dfef9a664d6d9e73c7371de,"['https://www.redpilldao.xyz/', 'https://discord.gg/PvtMZf6yws', 'https://twitter.com/@RedPill_DAO', 'https://discord.gg/PvtMZf6yws', 'https://twitter.com/@RedPill_DAO']",Red Pill DAO,"['https://twitter.com/@RedPill_DAO', 'https://twitter.com/@RedPill_DAO']",[],"['https://discord.gg/PvtMZf6yws', 'https://discord.gg/PvtMZf6yws']",[],[],[],[],[]
556,0xcc3491595a3eb22abbc34e7a5dd878b7d421b614,[],Safe Tester,[],[],[],[],[],[],[],[]
557,0xcc6a847d7df52ae1904d21781ab34ea61d6f3a1c,[],Daogroni DAO,[],[],[],[],[],[],[],[]
558,0xcc79c06168159c9b5fbf2cefe62176e4f7c9948d,[],Shiba Inu,[],[],[],[],[],[],[],[]
559,0xccb273fabb1b878cacd1059910a3b38c720e628f,[],My First Guild,[],[],[],[],[],[],[],[]
560,0xcd450f65ea28b3d5e504285c53d7d315aabbf810,['https://discord.gg/RYFTDjHWkD'],CryptoGang,[],[],['https://discord.gg/RYFTDjHWkD'],[],[],[],[],[]
561,0xcde29b62b031ce34c1f49892b05bbd817367edc5,[],RigorDAO,[],[],[],[],[],[],[],[]
562,0xce875abb1d1e2ed164a58fb190b03f137d9f89eb,[],xDAI Tester DAO,[],[],[],[],[],[],[],[]
563,0xcee92da2918cc1e30317e36d23745928337fd28e,[],DAO T1,[],[],[],[],[],[],[],[]
564,0xcf1b75b25b60f619d529aa70847aa65270fe81df,[],MetaFamChiliMountainHaus Retreat üå∂üêôü§ñüè∞‚öîÔ∏è,[],[],[],[],[],[],[],[]
565,0xcf941e12e3140dc862b5a88f1824f7efff52b7e0,[],DAOsquare dkp,[],[],[],[],[],[],[],[]
566,0xd015ef921d0aa60ec42d591d15ee71c7d46c8b6b,['https://memory-alpha.fandom.com/wiki/Remus'],Remus Spice Mining,[],[],[],[],[],[],[],[]
567,0xd042079897c313e808d9fb40f18b163b1e2722c3,[],MetaCamp 2.0,[],[],[],[],[],[],[],[]
568,0xd0fcaccda7ae81c6cd2296fcf75fcf1063adec31,"['https://discord.gg/discord/didaDAO', 'https://t.me/telegram/didaDAO', 'https://twitter.com/@didaDAO', 'https://discord.gg/discord/didaDAO', 'https://twitter.com/@didaDAO']",didaDAO,"['https://twitter.com/@didaDAO', 'https://twitter.com/@didaDAO']",[],"['https://discord.gg/discord/didaDAO', 'https://discord.gg/discord/didaDAO']",[],[],[],[],[]
569,0xd18120b22e7c26cda11f5194faea4d9da53722fd,"['https://raid-guild.github.io/quiver/', 'https://discord.gg/KTUppJFj', 'https://discord.gg/KTUppJFj']",üèπ Quiver Web3 React Library,[],[],"['https://discord.gg/KTUppJFj', 'https://discord.gg/KTUppJFj']",[],[],[],[],['https://raid-guild.github.io/quiver/']
570,0xd1e7744fdc9ec353902bdec3b55b36c9c31d76ce,[],The Garage DAO (Beta),[],[],[],[],[],[],[],[]
571,0xd1ee32f86ade7d9e921dc7217f107042b747724c,[],New Dao,[],[],[],[],[],[],[],[]
572,0xd2dbc4531616e1183522ac44adf45151800dabf4,[],PariahDAO Test 2,[],[],[],[],[],[],[],[]
573,0xd30ee7d2133ffc4f2f320131b17b82435a436c50,"['https://discord.gg/discord.gg/thecantinastudio', 'https://discord.gg/discord.gg/thecantinastudio']",Failed Summon,[],[],"['https://discord.gg/discord.gg/thecantinastudio', 'https://discord.gg/discord.gg/thecantinastudio']",[],[],[],[],[]
574,0xd38c3b33e722fbd10d8681168bb0060b7ebf7ef2,[],WimTestDAO1,[],[],[],[],[],[],[],[]
575,0xd48959ebf2ecd001dd37ff093edd95320696d72e,[],Eutrophia,[],[],[],[],[],[],[],[]
576,0xd4b10dc41768cec57d63f264efbac16da8fe63ef,[],foobar,[],[],[],[],[],[],[],[]
577,0xd4feff3ed26b49efc9e1dd2d8100d35e22c90186,[],LGSN,[],[],[],[],[],[],[],[]
578,0xd5afb0cc9742191d1cc95a378e2d5507ad5487f0,[],thepeople.eth,[],[],[],[],[],[],[],[]
579,0xd628052190d7b4834350aeaabc09bda9d3022cac,[],null,[],[],[],[],[],[],[],[]
580,0xd68a1e4e4eeef0ea04f26a6d657cfe8b56097698,"['https://events.creativeplatform.xyz/', 'https://discord.gg/4SzEbmcKwK', 'https://twitter.com/@creativecrtv', 'https://discord.gg/4SzEbmcKwK', 'https://twitter.com/@creativecrtv']",Creative Events DAO,"['https://twitter.com/@creativecrtv', 'https://twitter.com/@creativecrtv']",[],"['https://discord.gg/4SzEbmcKwK', 'https://discord.gg/4SzEbmcKwK']",[],[],[],[],[]
581,0xd88079b523c6509a9cd470b4550b38589531f4d5,[],Experimental DAO,[],[],[],[],[],[],[],[]
582,0xd8fc3955fc8cd9db4353ffdf0b0f8cfdb34b9fd9,[],party boy,[],[],[],[],[],[],[],[]
583,0xd904d932ad83ecb973cb2885dbabafe74c487207,[],Nebulas Group,[],[],[],[],[],[],[],[]
584,0xd9b9967c642c3125c0af2489669499936bf1c46a,[],Ëãç‰∫ïÁ©∫club,[],[],[],[],[],[],[],[]
585,0xd9cf576761e8a516065c4b683217aab9aa84dded,[],ETH Toronto Hack,[],[],[],[],[],[],[],[]
586,0xda86cb4091b06a4378a05e1155faa3705d2857be,[],Little Saint James Island DAO,[],[],[],[],[],[],[],[]
587,0xdad873791c54e864075b2d9cb39e73fd19bbc6b2,"['https://twitter.com/@accountantquits', 'https://twitter.com/@accountantquits']",TheAccountantQuits DAO,"['https://twitter.com/@accountantquits', 'https://twitter.com/@accountantquits']",[],[],[],[],[],[],[]
588,0xdadfba0f6a3015810c026e431f838b999414cdea,[],Moloch DAO HD - BAD CLONE,[],[],[],[],[],[],[],[]
589,0xdb909c375b9e908ae33358a4f5e7814a2e8e9e72,[],W3blabDAO,[],[],[],[],[],[],[],[]
590,0xdbc842b9557c5c1cf8fec64fb8c1b1c695a07e7f,[],the blockbit,[],[],[],[],[],[],[],[]
591,0xdc06160e74adb4892a77ea85250474ff98f1d8d0,[],PariahDAO Test,[],[],[],[],[],[],[],[]
592,0xdd1864d393228a6b45df4eee2d749225f78f9d38,"['https://www.mcon.fun/', 'https://twitter.com/mcon_world', 'https://twitter.com/mcon_world']",MCON 2022 GBC,"['https://twitter.com/mcon_world', 'https://twitter.com/mcon_world']",[],[],[],[],[],[],[]
593,0xde8c4c5c3953a112e0d021226cab9792ecca2e57,"['https://twitter.com/@chromia888', 'https://twitter.com/@chromia888']",Nieve Dao,"['https://twitter.com/@chromia888', 'https://twitter.com/@chromia888']",[],[],[],[],[],[],[]
594,0xdee5ef9bae1aeb82bc89c786f7c6278f2fe0484d,[],null,[],[],[],[],[],[],[],[]
595,0xdefb9bc00b67ae67b96c715640a561c100dfeef0,[],Test,[],[],[],[],[],[],[],[]
596,0xdf3c55ba317b268ae54312edc4b27bc8a5832822,[],test,[],[],[],[],[],[],[],[]
597,0xdfec750e425c2b7abdf4cad141a17cf6ca1d5f3f,[],The Swolesome Fund,[],[],[],[],[],[],[],[]
598,0xdfff293f43a466f3ff0f4fa23fbc77482664ba33,[],Kek DAO,[],[],[],[],[],[],[],[]
599,0xe0e0df2a215e7a52232590b59b071583bc8442fc,[],FalkenbergDAO,[],[],[],[],[],[],[],[]
600,0xe11c48ac9406704e56adc68b2e3861f8252cfc3f,[],mlclub,[],[],[],[],[],[],[],[]
601,0xe11d1a81e8d0c87d3d75c701a0ce6c14920b2997,"['https://www.rtprjcts.xyz/', 'https://twitter.com/@rtprjcts', 'https://twitter.com/@rtprjcts']",RTPRJCTS,"['https://twitter.com/@rtprjcts', 'https://twitter.com/@rtprjcts']",[],[],[],[],[],[],[]
602,0xe23c2d44527b1cd849535554d12ed64115dafd7d,"['https://discord.gg/BaRfUhJV', 'https://discord.gg/BaRfUhJV']",EnergyBlox DAO,[],[],"['https://discord.gg/BaRfUhJV', 'https://discord.gg/BaRfUhJV']",[],[],[],[],[]
603,0xe2aa2a29d0d87c79267b19a0b1a7dd1be0f5021b,[],Camp Disorient,[],[],[],[],[],[],[],[]
604,0xe4a7fb88d0e0f0a8819cda554cacc4acd7573710,"['https://twitter.com/frag_institute', 'https://twitter.com/frag_institute']",FRAG,"['https://twitter.com/frag_institute', 'https://twitter.com/frag_institute']",[],[],[],[],[],[],[]
605,0xe4c6aa7bfa166af03376fe66ccbab4d8e962c064,[],Rangers Ho!,[],[],[],[],[],[],[],[]
606,0xe63da5dfe4eef5fb9ef3cf37596da4c572199897,[],pmpDAO,[],[],[],[],[],[],[],[]
607,0xe650252c3d4ff45976b5960130f8c5b110d5c8ef,[],xDai Tigers,[],[],[],[],[],[],[],[]
608,0xe7d1e265424d08e885f01a3d3e071402bab7e69f,[],Travel DAO,[],[],[],[],[],[],[],[]
609,0xe816817fe069a303337101275993eb30eb06278f,"['https://twitter.com/openworklab', 'https://twitter.com/openworklab']",Open Work Lab,"['https://twitter.com/openworklab', 'https://twitter.com/openworklab']",[],[],[],[],[],[],[]
610,0xe884b9658fb4f4792e65902c11d83dfd77160764,[],LogoDAO,[],[],[],[],[],[],[],[]
611,0xe885edffad9cba3d486cc8f169af11a8a165b0a6,[],Chi'gag,[],[],[],[],[],[],[],[]
612,0xea2c69aba5ffe5eb11958438ef37f47c07bf7534,[],MB Test,[],[],[],[],[],[],[],[]
613,0xead2349cb4efb81927d8bf1ade172249f06a16e6,['https://phantomus.com/'],Phantomus DAO5,[],[],[],[],[],[],[],[]
614,0xeafafd41984ee9be7d2f744d8f1efe1bec446bf5,[],Human DAO,[],[],[],[],[],[],[],[]
615,0xeb5641e2aab0684b3a2569925a8f0f089edf3c26,[],zerodao,[],[],[],[],[],[],[],[]
616,0xebc01b5f6a1c9c90de9dc2f5d2facc241d465480,[],Practice DAO,[],[],[],[],[],[],[],[]
617,0xec0fcd878064b6258abbcc24f6a466afb7b87539,[],Season 3 Cohort Payout - MD Projects,[],[],[],[],[],[],[],[]
618,0xed3e7cbb8138537d4f6725be53739940b1af99ac,"['https://discord.gg/HJhqxsPS', 'https://discord.gg/HJhqxsPS']",CineDAO,[],[],"['https://discord.gg/HJhqxsPS', 'https://discord.gg/HJhqxsPS']",[],[],[],[],[]
619,0xedca4a4d37e5e7b0b95263bdb6606928c59ae2ba,[],Ith daohousetest,[],[],[],[],[],[],[],[]
620,0xee11a7b912c656d48c2d352762d5386082a3ba98,[],Artsy DAO,[],[],[],[],[],[],[],[]
621,0xee12821b8592dacc17c18eaa64473a96daee5f96,[],Human DAO,[],[],[],[],[],[],[],[]
622,0xee4db0a76b49f1ea6c1176200d6068322943d69f,"['https://discord.gg/hur42m75W2', 'https://discord.gg/hur42m75W2']",Gnosis Chain Innovation,[],[],"['https://discord.gg/hur42m75W2', 'https://discord.gg/hur42m75W2']",[],[],[],[],[]
623,0xef4d88e2fd4eb9e18582e28b47c943ea790473d2,"['https://4834.org/', 'https://eips.ethereum.org/EIPS/eip-4834']",EIP-4834 Root DAO,[],[],[],[],[],[],[],[]
624,0xef63ae585b223fd15165754891e22a51682245ef,"['https://discord.gg/pX7K3SUe', 'https://discord.gg/pX7K3SUe']",bitark Dao,[],[],"['https://discord.gg/pX7K3SUe', 'https://discord.gg/pX7K3SUe']",[],[],[],[],[]
625,0xefccd1937f9268b6ad599eabfa4291be82f2f87b,[],BCH4all,[],[],[],[],[],[],[],[]
626,0xeff11631366565ce69aa3f73fd25e31eaf10cdf7,[],null,[],[],[],[],[],[],[],[]
627,0xeff664451bdbb27a3992dbe89cef8d0d480840ad,[],Test Hat DAO,[],[],[],[],[],[],[],[]
628,0xf07fdfaa08cbe3ec6eb5a2031552ca613778b8d7,[],"Kronos, First City",[],[],[],[],[],[],[],[]
629,0xf1d20a6ed98d6b89e814a63efb03c0667cd88b39,[],MAOTAI DAO,[],[],[],[],[],[],[],[]
630,0xf38261874dfc2f1f951c4127ceac2dbb8da88585,"['https://t.me/triniswap', 'https://discord.gg/PZS2ZuRrNH', 'https://t.me/triniswap', 'https://twitter.com/@triniswap', 'https://triniswap.com/', 'https://discord.gg/PZS2ZuRrNH', 'https://twitter.com/@triniswap']",MuddaDAO,"['https://twitter.com/@triniswap', 'https://twitter.com/@triniswap']",[],"['https://discord.gg/PZS2ZuRrNH', 'https://discord.gg/PZS2ZuRrNH']",[],[],[],[],[]
631,0xf3a2b41c2c4542a1ef11723e3740d7ac58a5459f,[],L3,[],[],[],[],[],[],[],[]
632,0xf447cb09a9bc8bce5aff220b48f3e7efe641107a,[],MCN DAO Test,[],[],[],[],[],[],[],[]
633,0xf4cbd9b696c27201fa9335766bab08ef363da4f4,"['https://twitter.com/cryptoalienz', 'https://twitter.com/cryptoalienz']",Crypto Alienz DAO,"['https://twitter.com/cryptoalienz', 'https://twitter.com/cryptoalienz']",[],[],[],[],[],[],[]
634,0xf58450876f78594e8574ae6105cb75a00b8b7834,[],Test-GNO-1,[],[],[],[],[],[],[],[]
635,0xf59d3547417e3a2c15034f3cf0e14d42bbce06ca,[],The Garage DAO v1,[],[],[],[],[],[],[],[]
636,0xf614c94281d6bec5b0967f78f481ce1bb29b9630,[],TestDAO,[],[],[],[],[],[],[],[]
637,0xf75ebbd122378c48f9312146571e9e3c84ea9c03,"['https://github.com/raid-guild/RIPs/issues/76', 'https://discord.gg/KTUppJFj', 'https://github.com/raid-guild/RIPs/issues/76', 'https://discord.gg/KTUppJFj']",ü™∂ Hermanubis Quiz Bot,[],[],"['https://discord.gg/KTUppJFj', 'https://discord.gg/KTUppJFj']",[],[],[],[],"['https://github.com/raid-guild/RIPs/issues/76', 'https://github.com/raid-guild/RIPs/issues/76']"
638,0xf7985ebb0a468178bc24b01612dc5723fc2eb089,"['https://taxir.xyz/', 'https://discord.gg/aMnGjFQJqk', 'https://twitter.com/were_taxir', 'https://taxir-1.gitbook.io/taxir/', 'https://discord.gg/aMnGjFQJqk', 'https://twitter.com/were_taxir']",Taxir,"['https://twitter.com/were_taxir', 'https://twitter.com/were_taxir']",[],"['https://discord.gg/aMnGjFQJqk', 'https://discord.gg/aMnGjFQJqk']",[],['https://taxir-1.gitbook.io/taxir/'],[],[],[]
639,0xf813bc8527d3215997c70ea8bf3a6f00b944df27,['https://www.lavapaws.com/'],LavaPaws LAO,[],[],[],[],[],[],[],[]
640,0xf8500f23b1e3aab8b3b986bc455b45f1362d5f9f,[],MPxDAO,[],[],[],[],[],[],[],[]
641,0xf94e35b999340038a8392d25e7446812908fbe8c,"['https://discord.gg/XsUmdyysT7', 'https://hackmd.io/@giannidalerta/Monster-Maps-Artist-Guild-DAO', 'https://discord.gg/XsUmdyysT7']",Monster Maps Artist Guild,[],[],"['https://discord.gg/XsUmdyysT7', 'https://discord.gg/XsUmdyysT7']",[],[],[],[],[]
642,0xf97be28e88dab2a01149539165dbec8cd1b899ce,[],Nifty Family DAO,[],[],[],[],[],[],[],[]
643,0xfa030f255d542259039eabc3a98dde032f020197,[],Lab89,[],[],[],[],[],[],[],[]
644,0xfa3b456c183ea6a35105259457905c8d3e14641d,[],TestDao,[],[],[],[],[],[],[],[]
645,0xfa83bb839451ad044289ce50bdcac1e6af5b079a,"['https://www.thebookofdaos.com/', 'https://twitter.com/@bookofdaos', 'https://twitter.com/@bookofdaos']",The Book of DAO,"['https://twitter.com/@bookofdaos', 'https://twitter.com/@bookofdaos']",[],[],[],[],[],[],[]
646,0xfaa74d60acc03e6b22913804db56130106414f73,[],Refract,[],[],[],[],[],[],[],[]
647,0xfad2adf958db75c82ea66db68875c26524117b59,[],Stone face,[],[],[],[],[],[],[],[]
648,0xfaf4ea8c2eccd89762c1db47a9bae320e7cd050c,[],DAOwow,[],[],[],[],[],[],[],[]
649,0xfb727061a65d1e5931786ed9a83eaf744d880e91,[],NFTHAUS,[],[],[],[],[],[],[],[]
650,0xfb9b996482812338599bc97385e16921b033f8d0,[],Test,[],[],[],[],[],[],[],[]
651,0xfc242575d9af297a13bba90ee77646157fedba06,[],SunDAO,[],[],[],[],[],[],[],[]
652,0xfc93639e0a6b56ecc65d8e113beb260324194dc9,[],RG Portfolio Uplift - RIP #88,[],[],[],[],[],[],[],[]
653,0xfd2767eacb9bf166c0527f3769f319db8a042970,['https://priestessalchemy.com/'],Chaz Family Treasury,[],[],[],[],[],[],[],[]
654,0xfd40e29b40a6e03d4ff612af697d1e72ec5d24e4,"['https://banyandao.xyz/', 'https://discord.gg/T7s7zGNan9', 'https://twitter.com/BanyanDAO', 'https://discord.gg/T7s7zGNan9', 'https://twitter.com/BanyanDAO']",BanyanDAO,"['https://twitter.com/BanyanDAO', 'https://twitter.com/BanyanDAO']",[],"['https://discord.gg/T7s7zGNan9', 'https://discord.gg/T7s7zGNan9']",[],[],[],[],[]
655,0xfda8d2fc498756fe9366e9feb4539f05629a7f8c,[],Orochi DAO V2 HD,[],[],[],[],[],[],[],[]
656,0xfde21bc1cbd3f749fdf5a45fe44159362389bd78,[],Warlock Treasury,[],[],[],[],[],[],[],[]
657,0xfe132bfd2972bc1aecbcf6f5d761630a0efbe25d,[],Cryptoart Emergency Pool,[],[],[],[],[],[],[],[]
658,0xfe960b72b3302867a2ce133831de1289ea5f3f1a,"['https://thecrypt.club/', 'https://discord.gg/cpPnagHz', 'https://discord.gg/cpPnagHz']",The Crypt,[],[],"['https://discord.gg/cpPnagHz', 'https://discord.gg/cpPnagHz']",[],[],[],[],[]
659,0xff4b20d48a1e8f93bf6745de388547e731f96fd0,"['https://twitter.com/@pridedao', 'https://twitter.com/@pridedao']",PRIDEdao,"['https://twitter.com/@pridedao', 'https://twitter.com/@pridedao']",[],[],[],[],[],[],[]
660,0xffe8a8ec2477390c6b97074f44326fac24d7f6dd,"['https://www.kokonut.network/', 'https://discord.gg/P6Jj5btpv7', 'https://twitter.com/@kokonutnetwork', 'https://link.kokonut.network/whitepaper', 'https://discord.gg/P6Jj5btpv7', 'https://twitter.com/@kokonutnetwork']",Kokonut Network,"['https://twitter.com/@kokonutnetwork', 'https://twitter.com/@kokonutnetwork']",[],"['https://discord.gg/P6Jj5btpv7', 'https://discord.gg/P6Jj5btpv7']",[],[],[],[],[]
